pages_crawled,total_reward,terminal_states
0,0,0
1,0,1
2,0,2
3,0,3
4,0,3
5,0,4
6,0,4
7,0,4
8,0,4
9,0,4
10,0,4
11,0,4
12,0,4
13,0,4
14,0,4
15,0,4
16,0,4
17,0,4
18,0,4
19,0,4
20,0,4
21,0,4
22,0,4
23,0,4
24,0,4
25,0,4
26,0,4
27,0,4
28,0,4
29,0,4
30,0,4
31,0,4
32,0,4
33,0,4
34,0,4
35,0,4
36,0,4
37,0,4
38,0,4
39,0,4
40,0,4
41,0,4
42,0,4
43,0,4
44,0,4
45,0,4
46,0,4
47,0,4
48,0,4
49,0,4
50,0,4
51,0,4
52,0,4
53,0,4
54,0,4
55,0,4
56,0,4
57,0,4
58,0,4
59,0,4
60,0,4
61,0,4
62,0,4
63,0,4
64,0,4
65,0,4
66,0,4
67,0,4
68,0,4
69,0,4
70,0,4
71,0,4
72,0,4
73,0,4
74,0,4
75,0,4
76,0,4
77,0,4
78,0,4
79,0,4
80,0,4
81,0,4
82,0,4
83,0,4
84,0,4
85,0,4
86,0,4
87,0,4
88,0,4
89,0,4
90,0,4
91,0,4
92,0,4
93,0,4
94,0,4
95,0,4
96,0,4
97,0,4
98,0,4
99,0,4
100,0,4
101,0,4
102,0,4
103,0,4
104,0,4
105,0,4
106,0,4
107,0,4
108,0,4
109,0,4
110,0,4
111,0,4
112,0,4
113,0,4
114,0,4
115,0,4
116,0,4
117,0,4
118,0,4
119,0,4
120,0,4
121,0,4
122,0,4
123,0,4
124,0,4
125,0,4
126,0,4
127,0,4
128,0,4
129,0,4
130,0,4
131,0,4
132,0,4
133,0,4
134,0,4
135,0,4
136,0,4
137,0,4
138,0,4
139,0,4
140,0,4
141,0,4
142,0,4
143,0,4
144,0,4
145,0,4
146,0,4
147,0,4
148,0,4
149,0,4
150,0,4
151,0,4
152,0,4
153,0,4
154,0,4
155,0,4
156,0,4
157,0,4
158,0,4
159,0,4
160,0,4
161,0,4
162,0,4
163,0,4
164,0,4
165,0,4
166,0,4
167,0,5
168,0,6
169,0,6
170,0,6
171,0,6
172,0,6
173,0,6
174,0,6
175,0,7
176,0,7
177,0,8
178,0,8
179,0,8
180,0,8
181,0,9
182,0,9
183,0,10
184,0,11
185,0,12
186,0,13
187,0,13
188,0,13
189,0,14
190,0,15
191,0,16
192,0,16
193,0,16
194,0,16
195,0,16
196,0,16
197,0,16
198,0,16
199,0,16
200,0,16
201,0,16
202,0,16
203,0,16
204,0,17
205,0,18
206,0,19
207,0,20
208,0,21
209,0,21
210,0,21
211,0,22
212,0,22
213,0,22
214,0,23
215,0,23
216,0,23
217,0,24
218,0,24
219,0,24
220,0,24
221,0,24
222,0,24
223,0,25
224,0,25
225,0,25
226,0,25
227,0,25
228,0,25
229,0,25
230,0,25
231,0,25
232,0,25
233,0,25
234,0,25
235,0,25
236,0,25
237,0,25
238,0,25
239,0,25
240,0,25
241,0,25
242,0,25
243,0,25
244,0,25
245,0,25
246,0,25
247,0,25
248,0,25
249,0,25
250,0,25
251,0,25
252,0,25
253,0,25
254,0,25
255,0,25
256,0,25
257,0,25
258,0,25
259,0,25
260,0,25
261,0,25
262,0,25
263,0,25
264,0,25
265,0,25
266,0,25
267,0,25
268,0,25
269,0,25
270,0,25
271,0,25
272,0,25
273,0,25
274,0,25
275,0,25
276,0,25
277,0,25
278,0,25
279,0,25
280,0,25
281,0,25
282,0,25
283,0,25
284,0,25
285,0,25
286,0,25
287,0,25
288,0,25
289,0,25
290,0,25
291,0,25
292,0,25
293,0,25
294,0,25
295,0,25
296,0,25
297,0,25
298,0,25
299,0,25
300,0,25
301,0,25
302,0,25
303,0,25
304,0,25
305,0,25
306,0,25
307,0,25
308,0,25
309,0,25
310,0,25
311,0,25
312,0,25
313,0,25
314,0,25
315,0,25
316,0,25
317,0,25
318,0,25
319,0,25
320,0,25
321,0,25
322,0,25
323,0,25
324,0,25
325,0,25
326,0,25
327,0,25
328,0,25
329,0,25
330,0,25
331,0,25
332,0,25
333,0,25
334,0,25
335,0,25
336,0,25
337,0,25
338,0,25
339,0,25
340,0,25
341,0,25
342,0,25
343,0,25
344,0,25
345,0,25
346,0,25
347,0,25
348,0,25
349,0,25
350,0,26
351,0,27
352,0,27
353,0,27
354,0,27
355,0,27
356,0,28
357,0,29
358,0,30
359,0,30
360,0,31
361,1,31
362,1,32
363,1,33
364,1,33
365,1,33
366,1,33
367,1,33
368,1,33
369,1,33
370,1,33
371,1,33
372,1,33
373,1,33
374,1,33
375,1,33
376,1,33
377,1,33
378,1,33
379,1,33
380,1,33
381,1,33
382,1,33
383,1,33
384,1,33
385,1,33
386,1,33
387,1,33
388,1,33
389,1,33
390,1,33
391,1,33
392,1,33
393,1,33
394,1,33
395,1,33
396,1,33
397,1,33
398,1,33
399,1,33
400,1,33
401,1,33
402,1,33
403,1,33
404,1,33
405,1,33
406,1,33
407,1,33
408,1,33
409,1,33
410,1,33
411,1,33
412,1,33
413,1,33
414,1,34
415,1,35
416,1,35
417,1,35
418,1,35
419,1,35
420,1,35
421,1,35
422,1,35
423,1,35
424,1,35
425,1,35
426,1,35
427,1,35
428,1,35
429,1,35
430,1,35
431,1,35
432,1,35
433,1,35
434,1,35
435,1,35
436,1,35
437,1,35
438,1,35
439,1,35
440,1,35
441,1,35
442,1,35
443,1,35
444,1,35
445,1,35
446,1,35
447,1,35
448,1,35
449,1,35
450,1,35
451,1,35
452,1,35
453,1,35
454,1,35
455,1,35
456,1,35
457,1,35
458,1,35
459,1,35
460,1,35
461,1,35
462,1,35
463,1,35
464,1,35
465,1,35
466,1,35
467,1,35
468,1,35
469,1,35
470,1,35
471,1,35
472,1,35
473,1,35
474,1,35
475,1,35
476,1,35
477,1,35
478,1,35
479,1,35
480,1,35
481,1,35
482,1,35
483,1,35
484,1,35
485,1,35
486,1,35
487,1,35
488,1,35
489,1,35
490,1,35
491,1,35
492,1,35
493,1,35
494,1,35
495,1,35
496,1,35
497,1,35
498,1,35
499,1,35
500,1,35
501,1,35
502,1,35
503,1,35
504,1,35
505,1,35
506,1,35
507,1,35
508,1,35
509,1,35
510,1,35
511,1,35
512,1,35
513,1,35
514,1,35
515,1,35
516,1,35
517,1,35
518,1,35
519,1,35
520,1,35
521,1,35
522,1,35
523,1,35
524,1,35
525,1,35
526,1,35
527,1,35
528,1,35
529,1,35
530,1,35
531,1,35
532,1,35
533,1,35
534,1,35
535,1,35
536,1,35
537,1,35
538,1,35
539,1,35
540,1,35
541,1,35
542,1,35
543,1,35
544,1,35
545,1,35
546,1,35
547,1,35
548,1,35
549,1,35
550,1,35
551,1,35
552,1,35
553,1,35
554,1,35
555,1,35
556,1,35
557,1,35
558,1,35
559,1,35
560,1,35
561,1,35
562,1,35
563,1,35
564,1,35
565,1,35
566,1,35
567,1,35
568,1,35
569,1,35
570,1,35
571,1,35
572,1,35
573,1,35
574,1,35
575,1,35
576,1,35
577,1,35
578,1,35
579,1,35
580,1,35
581,1,35
582,1,35
583,1,35
584,1,35
585,1,35
586,1,35
587,1,35
588,1,35
589,1,35
590,1,35
591,1,35
592,1,35
593,1,35
594,1,35
595,1,35
596,1,35
597,1,35
598,1,35
599,1,35
600,1,35
601,1,35
602,1,35
603,1,35
604,1,35
605,1,35
606,1,35
607,1,35
608,1,35
609,1,35
610,1,35
611,1,35
612,1,35
613,1,35
614,1,35
615,1,35
616,1,35
617,1,35
618,1,35
619,1,35
620,1,35
621,1,35
622,1,35
623,1,35
624,1,35
625,1,35
626,1,35
627,1,35
628,1,35
629,1,35
630,1,35
631,1,35
632,1,35
633,1,35
634,1,35
635,1,35
636,1,35
637,1,35
638,1,35
639,1,35
640,1,35
641,1,35
642,1,35
643,1,35
644,1,35
645,1,35
646,1,35
647,1,35
648,1,35
649,1,35
650,1,35
651,1,35
652,1,35
653,1,35
654,1,35
655,1,35
656,1,35
657,1,35
658,1,35
659,1,35
660,1,35
661,1,35
662,1,35
663,1,35
664,1,35
665,1,35
666,1,35
667,1,35
668,1,35
669,1,35
670,1,35
671,1,35
672,1,35
673,1,35
674,1,35
675,1,35
676,1,35
677,1,35
678,1,35
679,1,35
680,1,35
681,1,35
682,1,35
683,1,35
684,1,35
685,1,35
686,1,35
687,1,35
688,1,35
689,1,35
690,1,35
691,1,35
692,1,35
693,1,35
694,1,35
695,1,35
696,1,35
697,1,35
698,1,35
699,1,35
700,1,35
701,1,35
702,1,35
703,1,35
704,1,35
705,1,35
706,1,35
707,1,35
708,1,35
709,1,35
710,1,35
711,1,35
712,1,35
713,1,35
714,1,35
715,1,35
716,1,35
717,1,35
718,1,35
719,1,35
720,1,35
721,1,35
722,1,35
723,1,35
724,1,35
725,1,35
726,1,35
727,1,35
728,1,35
729,1,35
730,1,35
731,1,35
732,1,35
733,1,35
734,1,35
735,1,35
736,1,35
737,1,35
738,1,35
739,1,35
740,1,35
741,1,35
742,1,35
743,1,35
744,1,35
745,1,35
746,1,35
747,1,35
748,1,35
749,1,35
750,1,35
751,1,35
752,1,35
753,1,35
754,1,35
755,1,35
756,1,35
757,1,35
758,1,35
759,1,35
760,1,35
761,1,35
762,1,35
763,1,35
764,1,35
765,1,35
766,1,35
767,1,35
768,1,35
769,1,35
770,1,35
771,1,35
772,1,35
773,1,35
774,1,35
775,1,35
776,1,35
777,1,35
778,1,35
779,1,35
780,1,35
781,1,35
782,1,35
783,1,35
784,1,35
785,1,35
786,1,35
787,1,35
788,1,35
789,1,35
790,1,35
791,1,35
792,1,35
793,1,35
794,1,35
795,1,35
796,1,35
797,1,35
798,1,35
799,1,35
800,1,35
801,1,35
802,1,35
803,1,35
804,1,35
805,1,35
806,1,35
807,1,35
808,1,35
809,1,35
810,1,35
811,1,35
812,1,35
813,1,35
814,1,35
815,1,35
816,1,35
817,1,35
818,1,35
819,1,35
820,1,35
821,1,35
822,1,35
823,1,35
824,1,35
825,1,35
826,1,35
827,1,35
828,1,35
829,1,35
830,1,35
831,1,35
832,1,35
833,1,35
834,1,35
835,1,35
836,1,35
837,1,35
838,1,35
839,1,35
840,1,35
841,1,35
842,1,35
843,1,35
844,1,35
845,1,35
846,1,35
847,1,35
848,1,35
849,1,35
850,1,35
851,1,35
852,1,35
853,1,35
854,1,35
855,1,35
856,1,35
857,1,35
858,1,35
859,1,35
860,1,35
861,1,35
862,1,35
863,1,35
864,1,35
865,1,35
866,1,35
867,1,35
868,1,35
869,1,35
870,1,35
871,1,35
872,1,35
873,1,35
874,1,35
875,1,35
876,1,35
877,1,35
878,1,35
879,1,35
880,1,35
881,1,35
882,1,35
883,1,35
884,1,35
885,1,35
886,1,35
887,1,35
888,1,35
889,1,35
890,1,35
891,1,35
892,1,35
893,1,35
894,1,35
895,1,35
896,1,35
897,1,35
898,1,35
899,1,35
900,1,35
901,1,35
902,1,35
903,1,35
904,1,35
905,1,35
906,1,35
907,1,35
908,1,35
909,1,35
910,1,35
911,1,35
912,1,35
913,1,35
914,1,35
915,1,35
916,1,35
917,1,35
918,1,35
919,1,35
920,1,35
921,1,35
922,1,35
923,1,35
924,1,35
925,1,35
926,1,35
927,1,35
928,1,35
929,1,35
930,1,35
931,1,35
932,1,35
933,1,35
934,1,35
935,1,35
936,1,35
937,1,35
938,1,35
939,1,35
940,1,35
941,1,35
942,1,35
943,1,35
944,1,35
945,1,35
946,1,35
947,1,35
948,1,35
949,1,35
950,1,35
951,1,35
952,1,35
953,1,35
954,1,35
955,1,35
956,1,35
957,1,35
958,1,35
959,1,35
960,1,35
961,1,35
962,1,35
963,1,35
964,1,35
965,1,35
966,1,35
967,1,35
968,1,35
969,1,35
970,1,35
971,1,35
972,1,35
973,1,35
974,1,35
975,1,35
976,1,35
977,1,35
978,1,35
979,1,35
980,1,35
981,1,35
982,1,35
983,1,35
984,1,35
985,1,35
986,1,35
987,1,35
988,1,35
989,1,35
990,1,35
991,1,35
992,1,35
993,1,35
994,1,35
995,1,35
996,1,35
997,1,35
998,1,35
999,1,35
1000,1,35
1001,1,35
1002,1,35
1003,1,35
1004,1,35
1005,1,35
1006,1,35
1007,1,35
1008,1,35
1009,1,35
1010,1,35
1011,1,35
1012,1,35
1013,1,35
1014,1,35
1015,1,35
1016,1,35
1017,1,35
1018,1,35
1019,1,35
1020,1,35
1021,1,35
1022,1,35
1023,1,35
1024,1,35
1025,1,35
1026,1,35
1027,1,35
1028,1,35
1029,1,35
1030,1,35
1031,1,35
1032,1,35
1033,1,35
1034,1,35
1035,1,35
1036,1,35
1037,1,35
1038,1,35
1039,1,35
1040,1,35
1041,1,35
1042,1,35
1043,1,35
1044,1,35
1045,1,35
1046,1,35
1047,1,35
1048,1,35
1049,1,35
1050,1,35
1051,1,35
1052,1,35
1053,1,35
1054,1,35
1055,1,35
1056,1,35
1057,1,35
1058,1,35
1059,1,35
1060,1,35
1061,1,35
1062,1,35
1063,1,35
1064,1,35
1065,1,35
1066,1,35
1067,1,36
1068,1,37
1069,1,37
1070,1,37
1071,1,37
1072,1,37
1073,1,37
1074,1,38
1075,1,39
1076,1,39
1077,1,39
1078,1,39
1079,1,39
1080,1,39
1081,1,39
1082,1,39
1083,1,39
1084,1,39
1085,1,40
1086,1,41
1087,1,41
1088,1,42
1089,1,43
1090,1,43
1091,1,43
1092,1,43
1093,1,43
1094,1,43
1095,1,43
1096,1,43
1097,1,43
1098,1,43
1099,1,43
1100,1,43
1101,1,43
1102,1,43
1103,1,43
1104,1,43
1105,1,43
1106,1,43
1107,1,43
1108,1,43
1109,1,43
1110,1,43
1111,1,43
1112,1,43
1113,1,43
1114,1,43
1115,1,43
1116,1,43
1117,1,43
1118,1,43
1119,1,43
1120,1,43
1121,1,43
1122,1,43
1123,1,43
1124,1,43
1125,1,43
1126,1,43
1127,1,43
1128,1,43
1129,1,43
1130,1,43
1131,1,43
1132,1,43
1133,1,43
1134,1,43
1135,1,43
1136,1,43
1137,1,43
1138,1,43
1139,1,43
1140,1,43
1141,1,43
1142,1,43
1143,1,43
1144,1,43
1145,1,44
1146,2,45
1147,2,45
1148,2,45
1149,2,45
1150,2,45
1151,2,45
1152,2,45
1153,2,45
1154,2,45
1155,2,45
1156,2,45
1157,2,45
1158,2,45
1159,2,45
1160,2,45
1161,2,45
1162,2,45
1163,2,45
1164,2,45
1165,2,45
1166,2,45
1167,2,45
1168,2,45
1169,2,45
1170,2,45
1171,2,45
1172,2,45
1173,2,45
1174,2,45
1175,2,45
1176,2,45
1177,2,45
1178,2,45
1179,2,45
1180,2,45
1181,2,45
1182,2,45
1183,2,45
1184,2,45
1185,2,45
1186,2,45
1187,2,45
1188,2,45
1189,2,45
1190,2,45
1191,2,45
1192,2,45
1193,2,45
1194,2,45
1195,2,45
1196,2,45
1197,2,45
1198,2,45
1199,2,45
1200,2,45
1201,2,45
1202,2,45
1203,2,45
1204,2,45
1205,2,45
1206,2,45
1207,2,45
1208,2,45
1209,2,45
1210,2,45
1211,2,45
1212,2,45
1213,2,45
1214,2,45
1215,2,45
1216,2,45
1217,2,45
1218,2,45
1219,2,45
1220,2,45
1221,2,45
1222,2,45
1223,2,45
1224,2,45
1225,2,45
1226,2,45
1227,2,45
1228,2,45
1229,2,45
1230,2,45
1231,2,45
1232,2,45
1233,2,45
1234,2,45
1235,2,45
1236,2,45
1237,2,45
1238,2,45
1239,2,45
1240,2,45
1241,2,45
1242,2,45
1243,2,45
1244,2,45
1245,2,45
1246,2,45
1247,2,45
1248,2,45
1249,2,45
1250,2,45
1251,2,45
1252,2,45
1253,2,45
1254,2,45
1255,2,45
1256,2,45
1257,2,45
1258,2,45
1259,2,45
1260,2,45
1261,2,45
1262,2,45
1263,2,45
1264,2,45
1265,2,45
1266,2,45
1267,2,45
1268,2,45
1269,2,45
1270,2,45
1271,2,45
1272,2,45
1273,2,45
1274,2,45
1275,2,45
1276,2,45
1277,2,45
1278,2,45
1279,2,45
1280,2,45
1281,2,45
1282,2,45
1283,2,45
1284,2,45
1285,2,45
1286,2,45
1287,2,45
1288,2,45
1289,2,45
1290,2,45
1291,2,45
1292,2,45
1293,2,45
1294,2,45
1295,2,45
1296,2,45
1297,2,45
1298,2,45
1299,2,45
1300,2,45
1301,2,45
1302,2,45
1303,2,45
1304,2,45
1305,2,45
1306,2,45
1307,2,45
1308,2,45
1309,2,45
1310,2,45
1311,2,45
1312,2,45
1313,2,45
1314,2,45
1315,2,45
1316,2,45
1317,2,45
1318,2,45
1319,2,45
1320,2,45
1321,2,45
1322,2,45
1323,2,45
1324,2,45
1325,2,45
1326,2,45
1327,2,45
1328,2,45
1329,2,45
1330,2,45
1331,2,45
1332,2,45
1333,2,45
1334,2,45
1335,2,45
1336,2,45
1337,2,45
1338,2,45
1339,2,45
1340,2,45
1341,2,45
1342,2,45
1343,2,45
1344,2,45
1345,2,45
1346,2,45
1347,2,45
1348,2,45
1349,2,45
1350,2,45
1351,2,45
1352,2,45
1353,2,45
1354,2,45
1355,2,45
1356,2,45
1357,2,45
1358,2,45
1359,2,45
1360,2,45
1361,2,45
1362,2,45
1363,2,45
1364,2,45
1365,2,45
1366,2,45
1367,2,45
1368,2,45
1369,2,45
1370,2,45
1371,2,45
1372,2,45
1373,2,45
1374,2,45
1375,2,45
1376,2,45
1377,2,45
1378,2,45
1379,2,45
1380,2,45
1381,2,45
1382,2,45
1383,2,45
1384,2,45
1385,2,45
1386,2,45
1387,2,45
1388,2,45
1389,2,45
1390,2,45
1391,2,45
1392,2,45
1393,2,45
1394,2,45
1395,2,45
1396,2,45
1397,2,45
1398,2,45
1399,2,45
1400,2,45
1401,2,45
1402,2,45
1403,2,45
1404,2,45
1405,2,45
1406,2,45
1407,2,45
1408,2,45
1409,2,45
1410,2,45
1411,2,46
1412,2,47
1413,2,47
1414,2,47
1415,2,47
1416,2,48
1417,2,49
1418,2,49
1419,2,49
1420,2,49
1421,2,49
1422,2,49
1423,2,49
1424,2,49
1425,2,49
1426,2,49
1427,2,50
1428,2,51
1429,2,51
1430,2,51
1431,2,51
1432,2,52
1433,2,52
1434,2,52
1435,2,52
1436,2,52
1437,2,52
1438,2,52
1439,2,52
1440,2,52
1441,2,52
1442,2,52
1443,2,52
1444,2,52
1445,2,52
1446,2,52
1447,2,52
1448,2,52
1449,2,52
1450,2,52
1451,2,52
1452,2,52
1453,2,52
1454,2,52
1455,2,52
1456,2,52
1457,2,52
1458,2,52
1459,2,52
1460,2,52
1461,2,52
1462,2,52
1463,2,52
1464,2,52
1465,2,52
1466,2,52
1467,2,52
1468,2,52
1469,2,52
1470,2,52
1471,2,52
1472,2,52
1473,2,52
1474,2,52
1475,2,52
1476,2,52
1477,2,52
1478,2,52
1479,2,52
1480,2,52
1481,2,52
1482,2,52
1483,2,52
1484,2,52
1485,2,52
1486,2,52
1487,2,52
1488,2,52
1489,2,52
1490,2,52
1491,2,52
1492,2,52
1493,2,52
1494,2,52
1495,2,52
1496,2,52
1497,2,52
1498,2,52
1499,2,52
1500,2,52
1501,2,52
1502,2,52
1503,2,52
1504,2,52
1505,2,52
1506,2,52
1507,2,52
1508,2,52
1509,2,52
1510,2,52
1511,2,52
1512,2,52
1513,2,52
1514,2,52
1515,2,52
1516,2,52
1517,2,52
1518,2,52
1519,2,52
1520,2,52
1521,2,52
1522,2,52
1523,2,52
1524,2,52
1525,2,52
1526,2,52
1527,2,52
1528,2,52
1529,2,52
1530,2,52
1531,2,52
1532,2,52
1533,2,52
1534,2,52
1535,2,52
1536,2,52
1537,2,52
1538,2,52
1539,2,52
1540,2,53
1541,2,53
1542,2,53
1543,2,53
1544,2,53
1545,2,53
1546,2,53
1547,2,53
1548,2,53
1549,2,53
1550,2,53
1551,2,53
1552,2,53
1553,2,53
1554,2,53
1555,2,54
1556,2,55
1557,2,56
1558,2,56
1559,2,57
1560,2,57
1561,2,57
1562,2,57
1563,2,57
1564,2,57
1565,2,57
1566,2,57
1567,2,57
1568,2,57
1569,2,58
1570,2,58
1571,2,58
1572,2,58
1573,2,58
1574,2,58
1575,2,58
1576,2,58
1577,2,59
1578,2,60
1579,2,61
1580,2,61
1581,2,62
1582,2,63
1583,2,63
1584,2,64
1585,2,64
1586,2,65
1587,2,66
1588,2,66
1589,2,66
1590,2,66
1591,2,66
1592,2,66
1593,2,66
1594,2,66
1595,2,66
1596,2,66
1597,2,66
1598,2,66
1599,2,66
1600,2,66
1601,2,66
1602,2,66
1603,2,66
1604,2,66
1605,2,66
1606,2,66
1607,2,66
1608,2,66
1609,2,66
1610,2,66
1611,2,66
1612,2,66
1613,2,66
1614,2,66
1615,2,66
1616,2,66
1617,2,66
1618,2,66
1619,2,66
1620,2,66
1621,2,66
1622,2,66
1623,2,66
1624,2,66
1625,2,66
1626,2,66
1627,2,66
1628,2,66
1629,2,66
1630,2,66
1631,2,66
1632,2,66
1633,2,66
1634,2,66
1635,2,66
1636,2,66
1637,2,66
1638,2,66
1639,2,67
1640,2,68
1641,2,69
1642,2,70
1643,3,70
1644,3,70
1645,3,70
1646,3,70
1647,3,70
1648,3,70
1649,3,70
1650,3,70
1651,3,70
1652,3,70
1653,3,70
1654,3,70
1655,3,70
1656,3,70
1657,3,70
1658,3,70
1659,3,70
1660,3,70
1661,3,70
1662,3,70
1663,3,70
1664,3,70
1665,3,70
1666,3,70
1667,3,71
1668,3,72
1669,3,72
1670,3,73
1671,3,74
1672,3,75
1673,3,76
1674,3,77
1675,3,78
1676,3,79
1677,3,80
1678,3,81
1679,3,81
1680,3,82
1681,3,82
1682,3,82
1683,3,82
1684,3,82
1685,3,82
1686,3,82
1687,3,82
1688,3,82
1689,3,82
1690,3,82
1691,3,82
1692,3,82
1693,3,82
1694,3,82
1695,3,82
1696,3,82
1697,3,82
1698,3,82
1699,3,82
1700,3,82
1701,3,82
1702,3,82
1703,3,82
1704,3,82
1705,3,82
1706,3,82
1707,3,82
1708,3,82
1709,3,82
1710,3,82
1711,3,82
1712,3,82
1713,3,82
1714,3,82
1715,3,82
1716,3,82
1717,3,82
1718,3,82
1719,3,82
1720,3,82
1721,3,82
1722,3,82
1723,3,82
1724,3,82
1725,3,82
1726,3,82
1727,3,82
1728,3,82
1729,3,82
1730,3,82
1731,3,82
1732,3,82
1733,3,82
1734,3,82
1735,3,82
1736,3,82
1737,3,82
1738,3,82
1739,3,82
1740,3,82
1741,3,82
1742,3,82
1743,3,82
1744,3,82
1745,3,82
1746,3,82
1747,3,82
1748,3,82
1749,3,82
1750,3,82
1751,3,82
1752,3,82
1753,3,82
1754,3,82
1755,3,82
1756,3,82
1757,3,82
1758,3,82
1759,3,82
1760,3,82
1761,3,82
1762,3,82
1763,3,82
1764,3,82
1765,3,82
1766,3,82
1767,3,82
1768,3,82
1769,3,82
1770,3,82
1771,3,82
1772,3,82
1773,3,82
1774,3,82
1775,3,82
1776,3,82
1777,3,82
1778,3,82
1779,3,82
1780,3,82
1781,3,82
1782,3,82
1783,3,82
1784,3,82
1785,3,82
1786,3,82
1787,3,82
1788,3,82
1789,3,82
1790,3,82
1791,3,82
1792,3,82
1793,3,82
1794,3,82
1795,3,82
1796,3,82
1797,3,82
1798,3,82
1799,3,82
1800,3,82
1801,3,83
1802,3,84
1803,3,84
1804,3,84
1805,3,84
1806,3,84
1807,3,84
1808,3,84
1809,3,85
1810,3,85
1811,3,85
1812,3,85
1813,3,85
1814,3,85
1815,3,85
1816,3,85
1817,3,85
1818,3,85
1819,3,85
1820,3,85
1821,3,85
1822,3,85
1823,3,85
1824,3,85
1825,3,85
1826,3,85
1827,3,85
1828,3,85
1829,3,85
1830,3,85
1831,3,85
1832,3,85
1833,3,85
1834,3,85
1835,3,85
1836,3,85
1837,3,85
1838,3,85
1839,3,85
1840,3,85
1841,3,85
1842,3,85
1843,3,85
1844,3,85
1845,3,85
1846,3,85
1847,3,85
1848,3,85
1849,3,85
1850,3,85
1851,3,85
1852,3,85
1853,3,85
1854,3,86
1855,3,87
1856,3,87
1857,3,87
1858,3,87
1859,3,87
1860,3,87
1861,3,87
1862,3,87
1863,3,87
1864,3,87
1865,3,87
1866,3,87
1867,3,87
1868,3,87
1869,3,87
1870,3,87
1871,3,87
1872,3,87
1873,3,87
1874,3,87
1875,3,87
1876,3,87
1877,3,87
1878,3,87
1879,3,87
1880,3,87
1881,3,87
1882,3,87
1883,3,87
1884,3,87
1885,3,87
1886,3,87
1887,3,87
1888,3,87
1889,3,87
1890,3,87
1891,3,87
1892,3,87
1893,3,87
1894,3,87
1895,3,87
1896,3,87
1897,3,87
1898,3,87
1899,3,87
1900,3,87
1901,3,87
1902,3,87
1903,3,87
1904,3,87
1905,3,87
1906,3,87
1907,3,87
1908,3,87
1909,3,87
1910,3,87
1911,3,87
1912,3,87
1913,3,87
1914,3,87
1915,3,87
1916,3,87
1917,3,87
1918,3,87
1919,3,87
1920,3,87
1921,3,87
1922,3,87
1923,3,87
1924,3,87
1925,3,87
1926,3,87
1927,3,87
1928,3,87
1929,3,87
1930,3,87
1931,3,87
1932,3,87
1933,3,87
1934,3,87
1935,3,87
1936,3,87
1937,3,87
1938,3,87
1939,3,87
1940,3,87
1941,3,87
1942,3,87
1943,3,87
1944,3,87
1945,3,87
1946,3,87
1947,3,87
1948,3,87
1949,3,87
1950,3,87
1951,3,87
1952,3,87
1953,3,87
1954,3,87
1955,3,87
1956,3,87
1957,3,87
1958,3,87
1959,3,87
1960,3,87
1961,3,87
1962,3,87
1963,3,87
1964,3,87
1965,3,87
1966,3,87
1967,3,87
1968,3,87
1969,3,87
1970,3,87
1971,3,87
1972,3,87
1973,3,87
1974,3,87
1975,3,87
1976,3,87
1977,3,87
1978,3,87
1979,3,87
1980,3,87
1981,3,87
1982,3,87
1983,3,87
1984,3,87
1985,3,87
1986,3,87
1987,3,87
1988,3,87
1989,3,87
1990,3,87
1991,3,87
1992,3,87
1993,3,87
1994,3,87
1995,3,87
1996,3,87
1997,3,87
1998,3,87
1999,3,87
2000,3,87
2001,3,87
2002,3,87
2003,3,87
2004,3,87
2005,3,87
2006,3,87
2007,3,87
2008,3,87
2009,3,87
2010,3,87
2011,3,87
2012,3,87
2013,3,87
2014,3,87
2015,3,87
2016,3,87
2017,3,87
2018,3,87
2019,3,87
2020,3,87
2021,3,87
2022,3,87
2023,3,87
2024,3,87
2025,3,87
2026,3,87
2027,3,87
2028,3,87
2029,3,87
2030,3,87
2031,3,87
2032,3,87
2033,3,87
2034,3,87
2035,3,87
2036,3,87
2037,3,87
2038,3,87
2039,3,87
2040,3,87
2041,3,87
2042,3,87
2043,3,87
2044,3,87
2045,3,87
2046,3,87
2047,3,87
2048,3,87
2049,3,87
2050,3,87
2051,3,87
2052,3,87
2053,3,87
2054,3,87
2055,3,87
2056,3,87
2057,3,87
2058,3,87
2059,3,87
2060,3,87
2061,3,87
2062,3,87
2063,3,87
2064,3,87
2065,3,87
2066,3,87
2067,3,87
2068,3,87
2069,3,87
2070,3,87
2071,3,87
2072,3,87
2073,3,87
2074,3,87
2075,3,87
2076,3,87
2077,3,87
2078,3,87
2079,3,87
2080,3,87
2081,3,87
2082,3,87
2083,3,87
2084,3,87
2085,3,87
2086,3,87
2087,3,87
2088,3,87
2089,3,87
2090,3,87
2091,3,87
2092,3,87
2093,3,87
2094,3,87
2095,3,87
2096,3,87
2097,3,87
2098,3,87
2099,3,87
2100,3,87
2101,3,87
2102,3,87
2103,3,87
2104,3,87
2105,3,87
2106,3,87
2107,3,87
2108,3,87
2109,3,87
2110,3,87
2111,3,87
2112,3,87
2113,3,87
2114,3,87
2115,3,87
2116,3,87
2117,3,87
2118,3,87
2119,3,87
2120,3,87
2121,3,87
2122,3,87
2123,3,87
2124,3,87
2125,3,87
2126,3,87
2127,3,87
2128,3,87
2129,3,87
2130,3,87
2131,3,87
2132,3,87
2133,3,87
2134,3,87
2135,3,87
2136,3,87
2137,3,87
2138,3,87
2139,3,87
2140,3,87
2141,3,87
2142,3,87
2143,3,87
2144,3,87
2145,3,87
2146,3,87
2147,3,87
2148,3,87
2149,3,87
2150,3,87
2151,3,87
2152,3,87
2153,3,87
2154,3,87
2155,3,87
2156,3,87
2157,3,87
2158,3,87
2159,3,87
2160,3,87
2161,3,87
2162,3,87
2163,3,87
2164,3,87
2165,3,87
2166,3,87
2167,3,87
2168,3,87
2169,3,87
2170,3,87
2171,3,87
2172,3,87
2173,3,87
2174,3,87
2175,3,87
2176,3,87
2177,3,87
2178,3,87
2179,3,87
2180,3,87
2181,3,87
2182,3,87
2183,3,87
2184,3,87
2185,3,87
2186,3,87
2187,3,87
2188,3,87
2189,3,87
2190,3,87
2191,3,87
2192,3,87
2193,3,87
2194,3,87
2195,3,87
2196,3,88
2197,3,89
2198,3,90
2199,3,91
2200,3,92
2201,3,93
2202,3,93
2203,3,93
2204,3,93
2205,3,93
2206,3,93
2207,3,94
2208,3,94
2209,3,94
2210,3,94
2211,3,95
2212,3,95
2213,3,95
2214,3,96
2215,3,97
2216,3,97
2217,3,97
2218,3,97
2219,3,97
2220,3,97
2221,3,97
2222,3,97
2223,3,97
2224,3,98
2225,3,98
2226,3,99
2227,3,99
2228,3,99
2229,3,99
2230,3,99
2231,3,99
2232,3,99
2233,3,99
2234,3,99
2235,3,99
2236,3,99
2237,3,100
2238,3,100
2239,3,100
2240,3,100
2241,3,100
2242,3,100
2243,3,100
2244,3,100
2245,3,100
2246,3,100
2247,3,100
2248,3,100
2249,3,100
2250,3,100
2251,3,100
2252,3,100
2253,3,100
2254,3,100
2255,3,100
2256,3,100
2257,3,100
2258,3,100
2259,3,100
2260,3,100
2261,3,100
2262,3,100
2263,3,100
2264,3,100
2265,3,100
2266,3,101
2267,3,101
2268,3,102
2269,3,103
2270,3,103
2271,3,103
2272,3,103
2273,3,103
2274,3,103
2275,3,103
2276,3,103
2277,3,103
2278,3,104
2279,3,104
2280,3,104
2281,3,104
2282,3,104
2283,3,104
2284,3,104
2285,3,104
2286,3,104
2287,3,104
2288,3,104
2289,3,104
2290,3,104
2291,3,104
2292,3,104
2293,3,104
2294,3,104
2295,3,104
2296,3,104
2297,3,104
2298,3,104
2299,3,104
2300,3,104
2301,3,104
2302,3,104
2303,3,104
2304,3,104
2305,3,104
2306,3,104
2307,3,104
2308,3,104
2309,3,104
2310,3,104
2311,3,105
2312,3,105
2313,3,106
2314,3,106
2315,3,107
2316,3,107
2317,3,107
2318,3,107
2319,3,107
2320,3,107
2321,3,107
2322,3,107
2323,3,107
2324,3,107
2325,3,107
2326,3,107
2327,3,107
2328,3,107
2329,3,107
2330,3,107
2331,3,107
2332,3,107
2333,3,107
2334,3,107
2335,3,107
2336,3,107
2337,3,107
2338,3,107
2339,3,107
2340,3,107
2341,3,107
2342,3,107
2343,3,107
2344,3,107
2345,3,107
2346,3,107
2347,3,107
2348,3,107
2349,3,107
2350,3,107
2351,3,107
2352,3,107
2353,3,107
2354,3,107
2355,3,107
2356,3,107
2357,3,107
2358,3,107
2359,3,107
2360,3,107
2361,3,107
2362,3,107
2363,3,107
2364,3,107
2365,3,107
2366,3,107
2367,3,107
2368,3,107
2369,3,107
2370,3,107
2371,3,107
2372,3,108
2373,3,108
2374,3,109
2375,3,110
2376,3,111
2377,3,112
2378,3,112
2379,3,113
2380,3,113
2381,3,113
2382,3,114
2383,3,114
2384,3,114
2385,3,115
2386,3,115
2387,3,116
2388,3,116
2389,3,116
2390,3,116
2391,3,116
2392,3,116
2393,3,116
2394,3,116
2395,3,116
2396,3,116
2397,3,116
2398,3,116
2399,3,116
2400,3,116
2401,3,116
2402,3,116
2403,3,116
2404,3,116
2405,3,116
2406,3,116
2407,3,116
2408,3,116
2409,3,116
2410,3,116
2411,3,116
2412,3,116
2413,3,116
2414,3,116
2415,3,116
2416,3,116
2417,3,116
2418,3,116
2419,3,116
2420,3,116
2421,3,116
2422,3,116
2423,3,116
2424,3,116
2425,3,116
2426,3,116
2427,3,116
2428,3,116
2429,3,116
2430,3,116
2431,3,116
2432,3,116
2433,3,116
2434,3,116
2435,3,116
2436,3,116
2437,3,116
2438,3,116
2439,3,116
2440,3,116
2441,3,116
2442,3,116
2443,3,116
2444,3,116
2445,3,116
2446,3,116
2447,3,116
2448,3,116
2449,3,116
2450,3,116
2451,3,116
2452,3,116
2453,3,116
2454,3,116
2455,3,117
2456,3,117
2457,3,118
2458,3,119
2459,4,119
2460,4,119
2461,4,120
2462,4,120
2463,4,120
2464,4,120
2465,4,120
2466,4,120
2467,4,121
2468,4,121
2469,4,121
2470,4,121
2471,4,121
2472,4,121
2473,4,121
2474,4,122
2475,4,122
2476,4,123
2477,4,124
2478,4,124
2479,4,124
2480,4,124
2481,4,124
2482,4,124
2483,4,124
2484,4,124
2485,4,124
2486,4,124
2487,4,124
2488,4,124
2489,4,124
2490,4,124
2491,4,124
2492,4,124
2493,4,124
2494,4,124
2495,4,124
2496,4,124
2497,4,124
2498,4,124
2499,4,124
2500,4,124
2501,4,124
2502,4,124
2503,4,124
2504,4,124
2505,4,124
2506,4,124
2507,4,124
2508,4,124
2509,4,124
2510,4,124
2511,4,124
2512,4,124
2513,4,124
2514,4,124
2515,4,124
2516,4,124
2517,4,124
2518,4,124
2519,4,125
2520,4,126
2521,4,126
2522,4,126
2523,4,126
2524,4,126
2525,4,126
2526,4,126
2527,4,126
2528,4,126
2529,4,126
2530,4,127
2531,4,127
2532,4,127
2533,4,127
2534,4,127
2535,4,127
2536,4,127
2537,4,127
2538,4,127
2539,4,127
2540,4,127
2541,4,127
2542,4,128
2543,4,128
2544,4,128
2545,4,128
2546,4,128
2547,4,128
2548,4,129
2549,4,129
2550,4,129
2551,4,129
2552,4,129
2553,4,129
2554,4,129
2555,4,129
2556,4,129
2557,4,129
2558,4,129
2559,4,129
2560,4,129
2561,4,129
2562,4,129
2563,4,129
2564,4,129
2565,4,129
2566,4,129
2567,4,129
2568,4,129
2569,4,129
2570,4,129
2571,4,129
2572,4,129
2573,4,129
2574,4,129
2575,4,129
2576,4,129
2577,4,129
2578,4,129
2579,4,129
2580,4,129
2581,4,129
2582,4,129
2583,4,129
2584,4,129
2585,4,129
2586,4,129
2587,4,129
2588,4,129
2589,4,129
2590,4,129
2591,4,129
2592,4,129
2593,4,129
2594,4,129
2595,4,129
2596,4,129
2597,4,129
2598,4,129
2599,4,129
2600,4,129
2601,4,129
2602,4,129
2603,4,129
2604,4,129
2605,4,129
2606,4,129
2607,4,129
2608,4,129
2609,4,129
2610,4,129
2611,4,129
2612,4,129
2613,4,129
2614,4,129
2615,4,129
2616,4,129
2617,4,129
2618,4,129
2619,4,129
2620,4,129
2621,4,129
2622,4,129
2623,4,129
2624,4,129
2625,4,129
2626,4,129
2627,4,129
2628,4,129
2629,4,129
2630,4,129
2631,4,129
2632,4,129
2633,4,129
2634,4,129
2635,4,129
2636,4,129
2637,4,129
2638,4,129
2639,4,129
2640,4,129
2641,4,129
2642,4,129
2643,4,129
2644,4,129
2645,4,129
2646,4,129
2647,4,129
2648,4,129
2649,4,129
2650,4,129
2651,4,129
2652,4,129
2653,4,129
2654,4,129
2655,4,129
2656,4,129
2657,4,129
2658,4,129
2659,4,129
2660,4,129
2661,4,129
2662,4,129
2663,4,129
2664,4,129
2665,4,129
2666,4,129
2667,4,129
2668,4,129
2669,4,129
2670,4,129
2671,4,129
2672,4,129
2673,4,129
2674,4,129
2675,4,129
2676,4,129
2677,4,129
2678,4,129
2679,4,129
2680,4,129
2681,4,129
2682,4,129
2683,4,129
2684,4,129
2685,4,129
2686,4,129
2687,4,129
2688,4,129
2689,4,129
2690,4,129
2691,4,129
2692,4,129
2693,4,129
2694,4,129
2695,4,129
2696,4,129
2697,4,129
2698,4,129
2699,4,129
2700,4,129
2701,4,129
2702,4,129
2703,4,129
2704,4,129
2705,4,129
2706,4,129
2707,4,129
2708,4,129
2709,4,129
2710,4,129
2711,4,129
2712,4,129
2713,4,129
2714,4,129
2715,4,129
2716,4,129
2717,4,129
2718,4,129
2719,4,129
2720,4,129
2721,4,129
2722,4,129
2723,4,129
2724,4,129
2725,4,129
2726,4,129
2727,4,129
2728,4,129
2729,4,129
2730,4,129
2731,4,129
2732,4,129
2733,4,129
2734,4,129
2735,4,129
2736,4,129
2737,4,129
2738,4,129
2739,4,129
2740,4,129
2741,4,129
2742,4,129
2743,4,129
2744,4,129
2745,4,129
2746,4,129
2747,4,129
2748,4,129
2749,4,129
2750,4,129
2751,4,129
2752,4,129
2753,4,129
2754,4,129
2755,4,129
2756,4,129
2757,4,129
2758,4,129
2759,4,129
2760,4,129
2761,4,129
2762,4,129
2763,4,129
2764,4,129
2765,4,129
2766,4,129
2767,4,130
2768,4,131
2769,4,132
2770,4,132
2771,4,132
2772,4,132
2773,4,132
2774,4,132
2775,4,133
2776,4,133
2777,4,133
2778,4,134
2779,4,134
2780,4,134
2781,4,135
2782,4,135
2783,4,135
2784,4,135
2785,4,135
2786,4,135
2787,4,135
2788,4,135
2789,4,135
2790,4,135
2791,4,135
2792,4,135
2793,4,135
2794,4,135
2795,4,135
2796,4,136
2797,4,137
2798,4,137
2799,4,137
2800,4,137
2801,4,137
2802,4,137
2803,4,137
2804,4,137
2805,4,137
2806,4,137
2807,4,138
2808,4,138
2809,4,138
2810,4,139
2811,4,139
2812,4,139
2813,4,139
2814,4,139
2815,4,139
2816,4,139
2817,4,139
2818,4,139
2819,4,139
2820,4,139
2821,4,139
2822,4,139
2823,4,139
2824,4,139
2825,4,139
2826,4,139
2827,4,139
2828,4,139
2829,4,139
2830,4,139
2831,4,139
2832,4,139
2833,4,139
2834,4,139
2835,4,139
2836,4,139
2837,4,139
2838,4,139
2839,4,139
2840,4,139
2841,4,139
2842,4,139
2843,4,139
2844,4,139
2845,4,139
2846,4,139
2847,4,139
2848,4,139
2849,4,139
2850,4,139
2851,4,139
2852,4,139
2853,4,139
2854,4,139
2855,4,139
2856,4,139
2857,4,139
2858,4,139
2859,4,140
2860,4,140
2861,4,140
2862,4,140
2863,4,140
2864,4,141
2865,4,142
2866,4,143
2867,4,144
2868,4,145
2869,4,146
2870,4,147
2871,4,148
2872,4,148
2873,4,148
2874,4,148
2875,4,148
2876,4,148
2877,4,148
2878,4,149
2879,4,149
2880,4,150
2881,4,151
2882,4,152
2883,4,153
2884,4,154
2885,4,155
2886,4,156
2887,4,156
2888,4,156
2889,4,156
2890,4,156
2891,4,156
2892,4,156
2893,4,156
2894,4,156
2895,4,156
2896,4,156
2897,4,156
2898,4,156
2899,4,156
2900,4,156
2901,4,156
2902,4,156
2903,4,156
2904,4,156
2905,4,157
2906,4,157
2907,4,157
2908,4,158
2909,4,158
2910,4,158
2911,4,158
2912,4,158
2913,4,159
2914,4,160
2915,4,161
2916,4,161
2917,4,162
2918,4,162
2919,4,163
2920,4,164
2921,4,164
2922,4,164
2923,4,165
2924,4,165
2925,4,165
2926,4,166
2927,4,167
2928,4,167
2929,4,167
2930,4,167
2931,4,167
2932,4,167
2933,4,167
2934,4,167
2935,4,167
2936,4,167
2937,4,167
2938,4,167
2939,4,167
2940,4,167
2941,4,167
2942,4,167
2943,4,167
2944,4,167
2945,4,167
2946,4,167
2947,4,167
2948,4,167
2949,4,167
2950,4,167
2951,4,167
2952,4,167
2953,4,167
2954,4,167
2955,4,167
2956,4,167
2957,4,167
2958,4,167
2959,4,167
2960,4,167
2961,4,167
2962,4,167
2963,4,167
2964,4,167
2965,4,167
2966,4,167
2967,4,167
2968,4,167
2969,4,167
2970,4,167
2971,4,167
2972,4,167
2973,4,167
2974,4,167
2975,4,167
2976,4,167
2977,4,167
2978,4,167
2979,4,167
2980,4,167
2981,4,167
2982,4,167
2983,4,167
2984,4,167
2985,4,167
2986,4,167
2987,4,167
2988,4,167
2989,4,167
2990,4,167
2991,4,167
2992,4,167
2993,4,167
2994,4,167
2995,4,167
2996,4,167
2997,4,167
2998,4,167
2999,4,167
3000,4,167
3001,4,167
3002,4,167
3003,4,167
3004,4,167
3005,4,167
3006,4,167
3007,4,167
3008,4,167
3009,4,167
3010,4,167
3011,4,167
3012,4,167
3013,4,167
3014,4,167
3015,4,168
3016,4,169
3017,4,169
3018,4,170
3019,4,170
3020,4,170
3021,4,171
3022,4,172
3023,4,173
3024,4,174
3025,4,174
3026,4,174
3027,4,174
3028,4,174
3029,4,174
3030,4,174
3031,4,174
3032,4,175
3033,4,176
3034,4,177
3035,4,177
3036,4,178
3037,4,178
3038,4,178
3039,4,178
3040,4,178
3041,4,178
3042,4,178
3043,4,178
3044,4,178
3045,4,179
3046,4,179
3047,4,179
3048,4,179
3049,4,179
3050,4,179
3051,4,179
3052,4,179
3053,4,179
3054,4,179
3055,4,180
3056,4,181
3057,4,181
3058,4,181
3059,4,181
3060,4,181
3061,4,181
3062,4,181
3063,4,181
3064,4,182
3065,4,183
3066,4,183
3067,4,184
3068,4,185
3069,4,186
3070,4,187
3071,4,187
3072,4,187
3073,4,188
3074,4,189
3075,5,189
3076,5,189
3077,5,189
3078,5,189
3079,5,189
3080,5,189
3081,5,189
3082,5,189
3083,5,189
3084,5,189
3085,5,189
3086,5,189
3087,5,189
3088,5,189
3089,5,189
3090,5,190
3091,5,190
3092,5,190
3093,5,190
3094,5,190
3095,5,190
3096,5,190
3097,5,190
3098,5,190
3099,5,190
3100,5,190
3101,5,190
3102,5,190
3103,5,190
3104,5,190
3105,5,190
3106,5,190
3107,5,190
3108,5,190
3109,5,190
3110,5,190
3111,5,190
3112,5,190
3113,5,190
3114,5,190
3115,5,190
3116,5,190
3117,5,190
3118,5,190
3119,5,190
3120,5,190
3121,5,190
3122,5,190
3123,5,190
3124,5,190
3125,5,190
3126,5,190
3127,5,190
3128,5,190
3129,5,190
3130,5,190
3131,5,190
3132,5,190
3133,5,190
3134,5,190
3135,5,190
3136,5,190
3137,5,190
3138,5,190
3139,5,190
3140,5,190
3141,5,190
3142,5,190
3143,5,190
3144,5,190
3145,5,190
3146,5,190
3147,5,190
3148,5,190
3149,5,190
3150,5,190
3151,5,190
3152,5,190
3153,5,190
3154,5,190
3155,5,190
3156,5,190
3157,5,190
3158,5,190
3159,5,190
3160,5,190
3161,5,190
3162,5,190
3163,5,190
3164,5,190
3165,5,190
3166,5,190
3167,5,190
3168,5,190
3169,5,190
3170,5,190
3171,5,190
3172,5,190
3173,5,190
3174,5,190
3175,5,190
3176,5,190
3177,5,190
3178,5,190
3179,5,190
3180,5,190
3181,5,190
3182,5,190
3183,5,190
3184,5,190
3185,5,191
3186,5,191
3187,5,191
3188,5,191
3189,5,191
3190,5,191
3191,5,191
3192,5,191
3193,5,191
3194,5,191
3195,5,191
3196,5,191
3197,5,191
3198,5,191
3199,5,191
3200,5,191
3201,5,191
3202,5,191
3203,5,191
3204,5,191
3205,5,191
3206,5,191
3207,5,191
3208,5,191
3209,5,191
3210,5,191
3211,5,191
3212,5,191
3213,5,191
3214,5,191
3215,5,191
3216,5,191
3217,5,191
3218,5,191
3219,5,191
3220,5,191
3221,5,191
3222,5,191
3223,5,191
3224,5,191
3225,5,191
3226,5,191
3227,5,191
3228,5,191
3229,5,192
3230,5,192
3231,5,193
3232,6,194
3233,6,194
3234,6,194
3235,6,194
3236,6,194
3237,6,194
3238,6,194
3239,6,194
3240,6,194
3241,6,194
3242,6,194
3243,6,194
3244,6,194
3245,6,194
3246,6,194
3247,6,194
3248,6,194
3249,6,194
3250,6,194
3251,6,194
3252,6,194
3253,6,194
3254,6,194
3255,6,194
3256,6,194
3257,6,194
3258,6,194
3259,6,194
3260,6,194
3261,6,194
3262,6,194
3263,6,194
3264,6,194
3265,6,194
3266,6,194
3267,6,194
3268,6,194
3269,6,194
3270,6,194
3271,6,194
3272,6,194
3273,6,194
3274,6,194
3275,6,194
3276,6,194
3277,6,194
3278,6,194
3279,6,194
3280,6,194
3281,6,194
3282,6,194
3283,6,194
3284,6,194
3285,6,194
3286,6,194
3287,6,194
3288,6,194
3289,6,194
3290,6,194
3291,6,194
3292,6,194
3293,6,194
3294,6,194
3295,6,194
3296,6,194
3297,6,194
3298,6,194
3299,6,194
3300,6,194
3301,6,194
3302,6,194
3303,6,194
3304,6,194
3305,6,194
3306,6,194
3307,6,194
3308,6,194
3309,6,194
3310,6,194
3311,6,194
3312,6,194
3313,6,194
3314,6,194
3315,6,194
3316,6,194
3317,6,194
3318,6,194
3319,6,194
3320,6,194
3321,6,194
3322,6,194
3323,6,194
3324,6,194
3325,6,194
3326,6,194
3327,6,194
3328,6,194
3329,6,194
3330,6,194
3331,6,194
3332,6,194
3333,6,194
3334,6,194
3335,6,194
3336,6,194
3337,6,194
3338,6,194
3339,6,194
3340,6,194
3341,6,194
3342,6,194
3343,6,194
3344,6,194
3345,6,194
3346,6,194
3347,6,194
3348,6,194
3349,6,194
3350,6,194
3351,6,194
3352,6,194
3353,6,194
3354,6,194
3355,6,194
3356,6,194
3357,6,194
3358,6,194
3359,6,194
3360,6,194
3361,6,194
3362,6,194
3363,6,194
3364,6,194
3365,6,194
3366,6,194
3367,6,194
3368,6,194
3369,6,194
3370,6,194
3371,6,194
3372,6,194
3373,6,194
3374,6,194
3375,6,194
3376,6,194
3377,6,194
3378,6,194
3379,6,194
3380,6,194
3381,6,194
3382,6,194
3383,6,194
3384,6,194
3385,6,194
3386,6,194
3387,6,194
3388,6,194
3389,6,195
3390,6,195
3391,6,195
3392,6,196
3393,6,196
3394,6,196
3395,6,196
3396,6,196
3397,6,196
3398,6,196
3399,6,196
3400,6,196
3401,6,196
3402,6,196
3403,6,196
3404,6,196
3405,6,196
3406,6,196
3407,6,196
3408,6,196
3409,6,196
3410,6,196
3411,6,196
3412,6,196
3413,6,196
3414,6,196
3415,6,196
3416,6,196
3417,6,196
3418,6,196
3419,6,196
3420,6,196
3421,6,196
3422,6,196
3423,6,196
3424,6,196
3425,6,196
3426,6,196
3427,6,196
3428,6,196
3429,6,196
3430,6,196
3431,6,196
3432,6,196
3433,6,196
3434,6,196
3435,6,196
3436,6,196
3437,6,196
3438,6,196
3439,6,196
3440,6,196
3441,6,196
3442,6,196
3443,6,196
3444,6,196
3445,6,196
3446,6,196
3447,6,196
3448,6,196
3449,6,197
3450,6,197
3451,6,198
3452,6,198
3453,6,199
3454,6,200
3455,6,201
3456,6,202
3457,6,202
3458,6,202
3459,6,202
3460,6,202
3461,6,202
3462,6,202
3463,6,202
3464,6,202
3465,6,202
3466,6,202
3467,6,202
3468,6,202
3469,6,202
3470,6,202
3471,6,202
3472,6,202
3473,6,202
3474,6,202
3475,6,202
3476,6,202
3477,6,202
3478,6,202
3479,6,202
3480,6,202
3481,6,203
3482,6,204
3483,6,205
3484,6,206
3485,6,206
3486,6,207
3487,6,208
3488,6,209
3489,6,209
3490,6,209
3491,6,209
3492,6,209
3493,6,209
3494,6,209
3495,6,209
3496,6,209
3497,6,210
3498,6,210
3499,6,210
3500,6,211
3501,6,212
3502,6,213
3503,6,214
3504,6,214
3505,6,214
3506,6,214
3507,6,214
3508,6,214
3509,6,214
3510,6,215
3511,6,215
3512,6,216
3513,6,217
3514,6,218
3515,6,218
3516,6,218
3517,6,218
3518,6,218
3519,6,218
3520,6,218
3521,6,218
3522,6,218
3523,6,218
3524,6,218
3525,6,218
3526,6,218
3527,6,218
3528,6,218
3529,6,218
3530,6,218
3531,6,218
3532,6,218
3533,6,218
3534,6,218
3535,6,218
3536,6,218
3537,6,218
3538,6,218
3539,6,218
3540,6,218
3541,6,218
3542,6,218
3543,6,218
3544,6,218
3545,6,218
3546,6,218
3547,6,218
3548,6,218
3549,6,218
3550,6,218
3551,6,218
3552,6,218
3553,6,218
3554,6,218
3555,6,218
3556,6,218
3557,6,218
3558,6,218
3559,6,218
3560,6,218
3561,6,218
3562,6,218
3563,6,218
3564,6,218
3565,6,218
3566,6,218
3567,6,218
3568,6,218
3569,6,218
3570,6,218
3571,6,218
3572,6,218
3573,6,218
3574,6,218
3575,6,218
3576,6,219
3577,6,220
3578,6,221
3579,6,222
3580,6,223
3581,6,224
3582,6,224
3583,6,224
3584,6,224
3585,6,224
3586,6,224
3587,6,224
3588,6,224
3589,6,224
3590,6,224
3591,6,224
3592,6,224
3593,6,224
3594,6,224
3595,6,224
3596,6,224
3597,6,224
3598,6,224
3599,6,224
3600,6,224
3601,6,224
3602,6,224
3603,6,224
3604,6,224
3605,6,224
3606,6,224
3607,6,224
3608,6,224
3609,6,224
3610,6,224
3611,6,224
3612,6,224
3613,6,224
3614,6,224
3615,6,224
3616,6,224
3617,6,224
3618,6,224
3619,6,224
3620,6,224
3621,6,224
3622,6,224
3623,6,224
3624,6,224
3625,6,224
3626,6,224
3627,6,224
3628,6,224
3629,6,224
3630,6,225
3631,6,225
3632,6,225
3633,6,225
3634,6,226
3635,6,227
3636,6,228
3637,6,228
3638,6,229
3639,6,229
3640,6,229
3641,6,229
3642,6,229
3643,6,229
3644,6,229
3645,6,229
3646,6,229
3647,6,229
3648,6,229
3649,6,229
3650,6,229
3651,6,229
3652,6,229
3653,6,230
3654,6,231
3655,6,232
3656,6,233
3657,6,234
3658,6,234
3659,6,235
3660,6,236
3661,6,236
3662,6,236
3663,6,236
3664,6,237
3665,6,237
3666,6,237
3667,6,237
3668,6,237
3669,6,237
3670,6,237
3671,6,237
3672,6,237
3673,6,238
3674,6,239
3675,6,240
3676,6,240
3677,6,240
3678,6,240
3679,6,240
3680,6,240
3681,6,240
3682,6,240
3683,6,240
3684,6,240
3685,6,240
3686,6,240
3687,6,240
3688,6,240
3689,6,240
3690,6,240
3691,6,240
3692,6,240
3693,6,240
3694,6,240
3695,6,240
3696,6,240
3697,6,240
3698,6,240
3699,6,240
3700,6,240
3701,6,240
3702,6,240
3703,6,240
3704,6,240
3705,6,240
3706,6,240
3707,6,240
3708,6,240
3709,6,240
3710,6,240
3711,6,240
3712,6,241
3713,6,241
3714,6,242
3715,6,242
3716,6,242
3717,6,243
3718,6,243
3719,6,243
3720,6,244
3721,6,244
3722,6,244
3723,6,244
3724,6,244
3725,6,244
3726,6,244
3727,6,244
3728,6,244
3729,6,244
3730,6,244
3731,6,244
3732,6,244
3733,6,244
3734,6,244
3735,6,244
3736,6,244
3737,6,244
3738,6,244
3739,6,244
3740,6,244
3741,6,244
3742,6,244
3743,6,244
3744,6,244
3745,6,244
3746,6,245
3747,6,245
3748,6,245
3749,6,245
3750,6,245
3751,6,245
3752,6,245
3753,6,245
3754,6,245
3755,6,245
3756,6,245
3757,6,245
3758,6,245
3759,6,245
3760,6,245
3761,6,245
3762,6,245
3763,6,245
3764,6,245
3765,6,245
3766,6,245
3767,6,245
3768,6,245
3769,6,245
3770,6,245
3771,6,245
3772,6,245
3773,6,245
3774,6,245
3775,6,245
3776,6,245
3777,6,245
3778,6,245
3779,6,245
3780,6,245
3781,6,245
3782,6,245
3783,6,245
3784,6,245
3785,6,245
3786,6,245
3787,6,245
3788,6,245
3789,6,245
3790,6,245
3791,6,245
3792,6,245
3793,6,245
3794,6,245
3795,6,245
3796,6,245
3797,6,245
3798,6,245
3799,6,245
3800,6,245
3801,6,245
3802,6,245
3803,6,245
3804,6,245
3805,6,245
3806,6,245
3807,6,245
3808,6,245
3809,6,245
3810,6,245
3811,6,245
3812,6,245
3813,6,245
3814,6,245
3815,6,245
3816,6,245
3817,6,245
3818,6,245
3819,6,245
3820,6,245
3821,6,245
3822,6,245
3823,6,245
3824,6,245
3825,6,245
3826,6,245
3827,6,245
3828,6,245
3829,6,245
3830,6,245
3831,6,245
3832,6,245
3833,6,245
3834,6,245
3835,6,245
3836,6,245
3837,6,245
3838,6,245
3839,6,245
3840,6,245
3841,6,245
3842,6,245
3843,6,245
3844,6,245
3845,6,245
3846,6,245
3847,6,245
3848,6,245
3849,6,245
3850,6,245
3851,6,245
3852,6,245
3853,6,245
3854,6,245
3855,6,245
3856,6,245
3857,6,245
3858,6,245
3859,6,245
3860,6,245
3861,6,245
3862,6,245
3863,6,245
3864,6,245
3865,6,245
3866,6,245
3867,6,245
3868,6,245
3869,6,245
3870,6,245
3871,6,245
3872,6,245
3873,6,245
3874,6,245
3875,6,245
3876,6,245
3877,6,245
3878,6,245
3879,6,245
3880,6,245
3881,6,245
3882,6,245
3883,6,245
3884,6,245
3885,6,245
3886,6,245
3887,6,245
3888,6,245
3889,6,245
3890,6,245
3891,6,245
3892,6,245
3893,6,245
3894,6,245
3895,6,245
3896,6,245
3897,6,245
3898,6,245
3899,6,245
3900,6,245
3901,6,245
3902,6,245
3903,6,245
3904,6,245
3905,6,245
3906,6,245
3907,6,245
3908,6,245
3909,6,245
3910,6,245
3911,6,245
3912,6,245
3913,6,245
3914,6,245
3915,6,245
3916,6,245
3917,6,245
3918,6,245
3919,6,245
3920,6,245
3921,6,245
3922,6,245
3923,6,245
3924,6,245
3925,6,245
3926,6,245
3927,6,245
3928,6,245
3929,6,245
3930,6,245
3931,6,245
3932,6,245
3933,6,245
3934,6,245
3935,6,245
3936,6,245
3937,6,245
3938,6,245
3939,6,245
3940,6,245
3941,6,245
3942,6,245
3943,6,245
3944,6,245
3945,6,245
3946,6,245
3947,6,245
3948,6,245
3949,6,245
3950,6,245
3951,6,245
3952,6,245
3953,6,245
3954,6,245
3955,6,245
3956,6,245
3957,6,245
3958,6,245
3959,6,245
3960,6,245
3961,6,245
3962,6,245
3963,6,245
3964,6,245
3965,6,245
3966,6,245
3967,6,245
3968,6,245
3969,6,245
3970,6,245
3971,6,245
3972,6,245
3973,6,245
3974,6,245
3975,6,245
3976,6,245
3977,6,245
3978,6,245
3979,6,245
3980,6,245
3981,6,245
3982,6,245
3983,6,245
3984,6,245
3985,6,245
3986,6,245
3987,6,245
3988,6,245
3989,6,245
3990,6,245
3991,6,245
3992,6,245
3993,6,245
3994,6,245
3995,6,245
3996,6,245
3997,6,245
3998,6,245
3999,6,245
4000,6,245
4001,6,245
4002,6,245
4003,6,245
4004,6,245
4005,6,245
4006,6,245
4007,6,245
4008,6,245
4009,6,245
4010,6,245
4011,6,245
4012,6,245
4013,6,245
4014,6,245
4015,6,245
4016,6,245
4017,6,245
4018,6,245
4019,6,245
4020,6,245
4021,6,245
4022,6,245
4023,6,245
4024,6,245
4025,6,245
4026,6,245
4027,6,245
4028,6,245
4029,6,245
4030,6,245
4031,6,245
4032,6,245
4033,6,245
4034,6,245
4035,6,245
4036,6,245
4037,6,245
4038,6,245
4039,6,245
4040,6,245
4041,6,245
4042,6,245
4043,6,245
4044,6,245
4045,6,245
4046,6,245
4047,6,245
4048,6,245
4049,6,245
4050,6,245
4051,6,245
4052,6,245
4053,6,245
4054,6,245
4055,6,245
4056,6,245
4057,6,245
4058,6,245
4059,6,245
4060,6,245
4061,6,245
4062,6,246
4063,6,247
4064,6,247
4065,6,247
4066,6,247
4067,6,247
4068,6,247
4069,6,247
4070,6,247
4071,6,247
4072,6,247
4073,6,247
4074,6,247
4075,6,247
4076,6,247
4077,6,247
4078,6,247
4079,6,247
4080,6,247
4081,6,247
4082,6,247
4083,6,247
4084,6,247
4085,6,247
4086,6,247
4087,6,247
4088,6,247
4089,6,247
4090,6,247
4091,6,247
4092,6,248
4093,6,248
4094,6,248
4095,6,248
4096,6,249
4097,6,249
4098,6,249
4099,6,249
4100,6,249
4101,6,249
4102,6,249
4103,6,249
4104,6,249
4105,6,249
4106,6,249
4107,6,249
4108,6,249
4109,6,249
4110,6,249
4111,6,249
4112,6,249
4113,6,249
4114,6,249
4115,6,249
4116,6,249
4117,6,249
4118,6,249
4119,6,249
4120,6,249
4121,6,250
4122,6,250
4123,6,250
4124,6,250
4125,6,250
4126,6,250
4127,6,250
4128,6,250
4129,6,250
4130,6,250
4131,6,250
4132,6,251
4133,6,252
4134,6,252
4135,6,252
4136,6,252
4137,6,253
4138,6,254
4139,6,254
4140,6,254
4141,6,255
4142,7,256
4143,7,257
4144,7,258
4145,7,258
4146,7,258
4147,7,259
4148,7,259
4149,7,259
4150,7,260
4151,7,260
4152,7,260
4153,7,260
4154,7,260
4155,7,261
4156,7,262
4157,7,263
4158,7,263
4159,7,263
4160,7,263
4161,7,263
4162,7,263
4163,7,263
4164,7,264
4165,7,264
4166,7,265
4167,7,266
4168,7,266
4169,7,266
4170,7,266
4171,7,266
4172,7,266
4173,7,266
4174,7,266
4175,7,266
4176,7,266
4177,7,266
4178,7,266
4179,7,266
4180,7,266
4181,7,266
4182,7,266
4183,7,266
4184,7,266
4185,7,266
4186,7,266
4187,7,266
4188,7,266
4189,7,266
4190,7,266
4191,7,266
4192,7,266
4193,7,266
4194,7,266
4195,7,266
4196,7,266
4197,7,266
4198,7,266
4199,7,266
4200,7,266
4201,7,266
4202,7,266
4203,7,266
4204,7,266
4205,7,266
4206,7,266
4207,7,266
4208,7,266
4209,7,266
4210,7,266
4211,7,266
4212,7,266
4213,7,266
4214,7,266
4215,7,266
4216,7,266
4217,7,266
4218,7,266
4219,7,266
4220,7,266
4221,7,266
4222,7,266
4223,7,266
4224,7,266
4225,7,266
4226,7,266
4227,7,266
4228,7,266
4229,7,266
4230,7,266
4231,7,266
4232,7,266
4233,7,266
4234,7,266
4235,7,266
4236,7,266
4237,7,266
4238,7,266
4239,7,266
4240,7,266
4241,7,266
4242,7,266
4243,7,266
4244,7,266
4245,7,266
4246,7,266
4247,7,267
4248,7,267
4249,7,267
4250,7,267
4251,7,268
4252,7,268
4253,7,269
4254,7,269
4255,7,269
4256,7,269
4257,7,269
4258,7,270
4259,7,270
4260,7,271
4261,7,271
4262,7,272
4263,7,273
4264,7,274
4265,7,275
4266,7,275
4267,7,275
4268,7,275
4269,7,275
4270,7,275
4271,7,275
4272,7,275
4273,7,276
4274,7,276
4275,7,276
4276,7,276
4277,7,276
4278,7,276
4279,7,276
4280,7,276
4281,7,276
4282,7,276
4283,7,276
4284,7,276
4285,7,276
4286,7,276
4287,7,276
4288,7,276
4289,7,276
4290,7,276
4291,7,276
4292,7,276
4293,7,276
4294,7,276
4295,7,276
4296,7,276
4297,7,276
4298,7,276
4299,7,276
4300,7,276
4301,7,276
4302,7,276
4303,7,276
4304,7,276
4305,7,276
4306,7,276
4307,7,276
4308,7,276
4309,7,276
4310,7,276
4311,7,276
4312,7,276
4313,7,276
4314,7,276
4315,7,276
4316,7,276
4317,7,276
4318,7,276
4319,7,276
4320,7,276
4321,7,276
4322,7,276
4323,7,276
4324,7,276
4325,7,276
4326,7,276
4327,7,276
4328,7,276
4329,7,276
4330,7,276
4331,7,276
4332,7,276
4333,7,276
4334,7,276
4335,7,276
4336,7,276
4337,7,276
4338,7,276
4339,7,276
4340,7,276
4341,7,276
4342,7,276
4343,7,276
4344,7,276
4345,7,276
4346,7,276
4347,7,276
4348,7,276
4349,7,276
4350,7,276
4351,7,276
4352,7,276
4353,7,276
4354,7,276
4355,7,276
4356,7,276
4357,7,276
4358,7,276
4359,7,276
4360,7,276
4361,7,276
4362,7,276
4363,7,276
4364,7,276
4365,7,276
4366,7,276
4367,7,276
4368,7,276
4369,7,276
4370,7,276
4371,7,276
4372,7,276
4373,7,276
4374,7,276
4375,7,276
4376,7,276
4377,7,276
4378,7,276
4379,7,276
4380,7,276
4381,7,276
4382,7,276
4383,7,276
4384,7,276
4385,7,276
4386,7,276
4387,7,276
4388,7,276
4389,7,276
4390,7,276
4391,7,276
4392,7,276
4393,7,276
4394,7,276
4395,7,276
4396,7,276
4397,7,276
4398,7,276
4399,7,276
4400,7,276
4401,7,276
4402,7,276
4403,7,276
4404,7,276
4405,7,276
4406,7,276
4407,7,276
4408,7,276
4409,7,276
4410,7,276
4411,7,276
4412,7,276
4413,7,276
4414,7,276
4415,7,276
4416,7,276
4417,7,276
4418,7,276
4419,7,276
4420,7,276
4421,7,276
4422,7,276
4423,7,276
4424,7,276
4425,7,276
4426,7,276
4427,7,276
4428,7,276
4429,7,276
4430,7,276
4431,7,276
4432,7,276
4433,7,276
4434,7,276
4435,7,276
4436,7,276
4437,7,276
4438,7,276
4439,7,276
4440,7,276
4441,7,276
4442,7,276
4443,7,276
4444,7,276
4445,7,276
4446,7,276
4447,7,276
4448,7,276
4449,7,276
4450,7,276
4451,7,276
4452,7,276
4453,7,276
4454,7,276
4455,7,276
4456,7,276
4457,7,276
4458,7,276
4459,7,276
4460,7,276
4461,7,276
4462,7,276
4463,7,276
4464,7,276
4465,7,276
4466,7,276
4467,7,276
4468,7,276
4469,7,276
4470,7,276
4471,7,276
4472,7,276
4473,7,276
4474,7,276
4475,7,276
4476,7,276
4477,7,276
4478,7,276
4479,7,276
4480,7,276
4481,7,276
4482,7,276
4483,7,276
4484,7,276
4485,7,276
4486,7,276
4487,7,276
4488,7,276
4489,7,276
4490,7,276
4491,7,276
4492,7,276
4493,7,276
4494,7,276
4495,7,276
4496,7,276
4497,7,276
4498,7,276
4499,7,276
4500,7,276
4501,7,276
4502,7,276
4503,7,276
4504,7,276
4505,7,276
4506,7,276
4507,7,276
4508,7,276
4509,7,276
4510,7,276
4511,7,276
4512,7,276
4513,7,276
4514,7,276
4515,7,276
4516,7,276
4517,7,276
4518,7,276
4519,7,276
4520,7,276
4521,7,276
4522,7,276
4523,7,276
4524,7,276
4525,7,276
4526,7,276
4527,7,276
4528,7,276
4529,7,276
4530,7,276
4531,7,276
4532,7,276
4533,7,276
4534,7,276
4535,7,276
4536,7,276
4537,7,276
4538,7,276
4539,7,276
4540,7,276
4541,7,276
4542,7,276
4543,7,276
4544,7,276
4545,7,276
4546,7,276
4547,7,276
4548,7,276
4549,7,276
4550,7,276
4551,7,276
4552,7,276
4553,7,276
4554,7,276
4555,7,276
4556,7,276
4557,7,276
4558,7,276
4559,7,276
4560,7,276
4561,7,276
4562,7,276
4563,7,276
4564,7,276
4565,7,276
4566,7,276
4567,7,276
4568,7,276
4569,7,276
4570,7,276
4571,7,276
4572,7,276
4573,7,276
4574,7,276
4575,7,276
4576,7,276
4577,7,276
4578,7,276
4579,7,276
4580,7,276
4581,7,276
4582,7,276
4583,7,276
4584,7,276
4585,7,276
4586,7,276
4587,7,276
4588,7,276
4589,7,276
4590,7,276
4591,7,276
4592,7,276
4593,7,276
4594,7,276
4595,7,276
4596,7,276
4597,7,276
4598,7,276
4599,7,276
4600,7,276
4601,7,276
4602,7,276
4603,7,276
4604,7,276
4605,7,276
4606,7,276
4607,7,276
4608,7,276
4609,7,276
4610,7,276
4611,7,276
4612,7,276
4613,7,276
4614,7,276
4615,7,276
4616,7,276
4617,7,276
4618,7,276
4619,7,276
4620,7,276
4621,7,276
4622,7,276
4623,7,276
4624,7,276
4625,7,276
4626,7,276
4627,7,276
4628,7,276
4629,7,276
4630,7,276
4631,7,276
4632,7,276
4633,7,276
4634,7,276
4635,7,276
4636,7,276
4637,7,276
4638,7,276
4639,7,276
4640,7,276
4641,7,276
4642,7,276
4643,7,276
4644,7,276
4645,7,276
4646,7,276
4647,7,276
4648,7,276
4649,7,276
4650,7,276
4651,7,276
4652,7,276
4653,7,276
4654,7,276
4655,7,276
4656,7,276
4657,7,276
4658,7,276
4659,7,276
4660,7,276
4661,7,276
4662,7,276
4663,7,276
4664,7,276
4665,7,276
4666,7,276
4667,7,276
4668,7,276
4669,7,276
4670,7,276
4671,7,276
4672,7,276
4673,7,276
4674,7,276
4675,7,276
4676,7,276
4677,7,276
4678,7,276
4679,7,276
4680,7,276
4681,7,276
4682,7,276
4683,7,276
4684,7,276
4685,7,276
4686,7,276
4687,7,276
4688,7,276
4689,7,276
4690,7,276
4691,7,276
4692,7,276
4693,7,276
4694,7,276
4695,7,276
4696,7,276
4697,7,276
4698,7,276
4699,7,276
4700,7,276
4701,7,276
4702,7,276
4703,7,276
4704,7,276
4705,7,276
4706,7,276
4707,7,276
4708,7,276
4709,7,276
4710,7,276
4711,7,276
4712,7,276
4713,7,276
4714,7,276
4715,7,276
4716,7,276
4717,7,276
4718,7,276
4719,7,276
4720,7,276
4721,7,276
4722,7,276
4723,7,276
4724,7,276
4725,7,276
4726,7,276
4727,7,276
4728,7,276
4729,7,276
4730,7,276
4731,7,276
4732,7,276
4733,7,276
4734,7,276
4735,7,276
4736,7,276
4737,7,276
4738,7,276
4739,7,276
4740,7,276
4741,7,276
4742,7,276
4743,7,276
4744,7,276
4745,7,276
4746,7,276
4747,7,276
4748,7,276
4749,7,276
4750,7,276
4751,7,276
4752,7,276
4753,7,276
4754,7,276
4755,7,276
4756,7,276
4757,7,276
4758,7,276
4759,7,276
4760,7,276
4761,7,276
4762,7,276
4763,7,276
4764,7,276
4765,7,276
4766,7,276
4767,7,276
4768,7,276
4769,7,276
4770,7,276
4771,7,276
4772,7,276
4773,7,276
4774,7,276
4775,7,276
4776,7,276
4777,7,276
4778,7,276
4779,7,276
4780,7,276
4781,7,276
4782,7,276
4783,7,276
4784,7,276
4785,7,276
4786,7,276
4787,7,276
4788,7,276
4789,7,276
4790,7,276
4791,7,276
4792,7,276
4793,7,276
4794,7,276
4795,7,276
4796,7,276
4797,7,276
4798,7,276
4799,7,276
4800,7,276
4801,7,276
4802,7,276
4803,7,276
4804,7,276
4805,7,276
4806,7,276
4807,7,276
4808,7,276
4809,7,276
4810,7,276
4811,7,276
4812,7,276
4813,7,276
4814,7,276
4815,7,276
4816,7,276
4817,7,276
4818,7,276
4819,7,276
4820,7,276
4821,7,276
4822,7,276
4823,7,276
4824,7,276
4825,7,276
4826,7,276
4827,7,276
4828,7,276
4829,7,276
4830,7,276
4831,7,276
4832,7,276
4833,7,276
4834,7,276
4835,7,276
4836,7,276
4837,7,276
4838,7,276
4839,7,276
4840,7,276
4841,7,276
4842,7,276
4843,7,276
4844,7,276
4845,7,276
4846,7,276
4847,7,276
4848,7,276
4849,7,276
4850,7,276
4851,7,276
4852,7,276
4853,7,276
4854,7,276
4855,7,276
4856,7,276
4857,7,276
4858,7,276
4859,7,276
4860,7,276
4861,7,276
4862,7,276
4863,7,276
4864,7,276
4865,7,276
4866,7,276
4867,7,276
4868,7,276
4869,7,276
4870,7,276
4871,7,276
4872,7,276
4873,7,276
4874,7,276
4875,7,276
4876,7,276
4877,7,276
4878,7,276
4879,7,276
4880,7,276
4881,7,276
4882,7,276
4883,7,276
4884,7,276
4885,7,276
4886,7,276
4887,7,276
4888,7,276
4889,7,276
4890,7,276
4891,7,276
4892,7,276
4893,7,276
4894,7,276
4895,7,276
4896,7,276
4897,7,276
4898,7,276
4899,7,276
4900,7,276
4901,7,276
4902,7,276
4903,7,276
4904,7,276
4905,7,276
4906,7,276
4907,7,276
4908,7,276
4909,7,276
4910,7,276
4911,7,276
4912,7,276
4913,7,276
4914,7,276
4915,7,276
4916,7,276
4917,7,276
4918,7,276
4919,7,276
4920,7,276
4921,7,276
4922,7,276
4923,7,276
4924,7,276
4925,7,276
4926,7,276
4927,7,276
4928,7,276
4929,7,276
4930,7,276
4931,7,276
4932,7,276
4933,7,276
4934,7,276
4935,7,276
4936,7,276
4937,7,276
4938,7,276
4939,7,276
4940,7,276
4941,7,276
4942,7,276
4943,7,276
4944,7,276
4945,7,276
4946,7,276
4947,7,276
4948,7,276
4949,7,276
4950,7,276
4951,7,276
4952,7,276
4953,7,276
4954,7,276
4955,7,276
4956,7,276
4957,7,276
4958,7,276
4959,7,276
4960,7,276
4961,7,276
4962,7,276
4963,7,276
4964,7,276
4965,7,276
4966,7,276
4967,7,276
4968,7,276
4969,7,276
4970,7,276
4971,7,276
4972,7,276
4973,7,276
4974,7,276
4975,7,276
4976,7,276
4977,7,276
4978,7,276
4979,7,276
4980,7,276
4981,7,276
4982,7,276
4983,7,276
4984,7,276
4985,7,276
4986,7,276
4987,7,276
4988,7,276
4989,7,276
4990,7,276
4991,7,276
4992,7,276
4993,7,276
4994,7,276
4995,7,276
4996,7,276
4997,7,276
4998,7,276
4999,7,276
