index,word,count
30104,home,549867
3823,post,370265
4082,march,369972
5450,older,360891
25782,twitter,351662
39556,may,350479
41710,news,347970
42905,new,347620
26146,june,317428
1951,august,315427
47231,us,303407
30639,view,302176
14562,contact,256819
41924,day,252952
40437,life,251048
10885,business,232107
28747,comment,230144
47831,share,224407
32084,profile,215935
1950,free,215066
25648,big,212091
3956,time,202279
13527,food,191176
27207,national,187946
6480,public,187027
14924,center,182602
35329,science,175682
38909,law,175442
34881,living,175210
31326,work,174137
28928,complete,168353
5199,politics,167024
25850,links,165920
22851,school,165690
45738,live,165050
35376,policy,164612
15521,world,164573
15684,daily,160837
20754,international,160648
4770,privacy,159811
40113,history,158387
46695,health,158254
2899,political,156845
18017,one,155598
9405,community,155108
23133,art,152988
3361,review,150363
17535,magazine,150322
26889,education,147943
867,report,146935
33930,good,146539
9929,atom,143786
41715,last,142418
21080,get,141360
49466,media,141334
3624,service,141156
24769,book,139660
28136,local,138557
45851,social,137830
48430,house,136213
34400,show,136136
13698,state,135889
11885,club,135744
3865,government,135277
4732,small,134754
4085,today,134348
49424,man,132616
30142,family,132551
42128,project,132468
39580,use,132468
45925,city,131926
45820,first,131904
46115,like,130078
6237,music,128658
47693,sports,127655
15788,summer,127090
34989,best,125929
1940,page,125626
28194,high,125283
12254,group,123906
31837,bad,123618
45363,personal,123218
30318,care,118512
17403,hot,118342
5880,help,118011
40008,technology,117719
48799,back,117488
34715,people,116834
9749,love,114440
34984,data,114013
29295,video,112709
19293,de,112599
30891,black,111811
18575,money,111674
5383,real,111479
6633,legal,111199
14881,support,111024
29697,green,110663
48913,great,110646
20896,kitchen,110493
26511,aging,110325
36377,oil,109820
32245,times,108895
36206,travel,108776
1336,happy,108771
44311,little,108558
48008,society,108347
6432,watch,106081
15287,old,106053
48130,red,105012
43184,research,104817
33110,top,104717
24599,election,104237
38314,entertainment,104150
31591,pet,104021
21204,freedom,102741
49545,program,102250
9744,information,101993
9984,holiday,101666
8275,press,101418
39398,york,101121
4402,network,100797
27593,go,100792
2107,search,100787
30854,game,100596
34221,brain,100368
4230,white,98381
27555,change,98034
32951,institute,97871
6704,open,97674
39528,calendar,97284
6705,team,97166
25733,bill,97017
25025,company,96905
48201,meet,96846
9880,religion,96330
5708,auto,96270
23790,night,95354
20726,site,94978
15120,advertise,94873
10659,right,94805
33654,healthy,94744
11830,two,94230
26122,design,93257
36756,dog,92888
41741,general,91090
32763,la,90954
5269,map,90928
12463,finance,90696
23404,mark,90675
28641,log,90300
29503,light,89781
32658,read,89721
30516,weather,89631
24031,bear,89587
46887,year,89214
46547,another,89042
39693,week,88995
40490,guide,88629
46536,advertising,88491
46690,market,88461
11365,global,88020
48007,race,87769
30682,interactive,87323
1906,tour,87218
26854,security,87185
29339,update,86877
47882,make,86742
40126,control,86661
37718,making,86566
24094,side,85688
31850,court,85526
17582,blue,85207
43747,learn,85152
27871,next,85027
24470,speech,84955
33758,tax,84304
30205,journal,83994
7711,take,83656
6394,see,83553
46462,click,83529
33325,association,83414
16721,north,83321
10173,medical,82993
13037,job,82926
44030,radio,82658
15869,nation,82418
23405,party,82156
6910,follow,82076
28348,talking,81955
44314,united,81808
37457,list,81427
38309,cost,81277
32654,part,81253
34100,story,81154
37872,start,81024
26726,language,80381
24231,financial,80255
3231,style,79959
48342,debate,79042
25839,dark,78471
47440,foundation,78323
38411,weird,78297
30288,street,77929
1735,x,77311
2910,rod,77247
8709,web,76939
22482,gender,76724
11198,need,76680
47669,schedule,76363
23912,dirty,76218
31945,power,75677
38529,know,75121
27525,analysis,74842
39303,case,74596
47070,ask,74463
15154,talk,74423
45891,peter,74396
15692,south,74278
12580,culture,73887
9276,office,73732
31638,conspiracy,73621
861,human,72847
20071,zone,72499
25040,sleep,72375
34902,justice,72345
47569,insurance,72199
1918,hunger,71910
49020,development,71879
19696,past,71767
7678,full,71657
16388,war,71588
10176,double,71553
30464,storm,71376
48525,feed,71269
13246,special,71224
27132,reason,71090
22069,file,70657
10129,act,70306
37412,nothing,70068
1585,end,69023
43208,girl,68900
48947,golf,68889
25482,digital,67934
29324,subscribe,67834
5898,common,67654
20794,shop,67547
19123,fun,67285
24666,days,67256
21035,sign,67218
4917,join,67198
1473,strange,66958
16783,nice,66756
9268,going,66707
9182,working,66404
45714,long,66178
11487,connection,66131
49234,censorship,66085
1893,text,65991
45477,university,65984
42756,mobile,65757
3250,way,65739
40810,android,65490
48676,en,65345
32611,still,65256
17284,agriculture,65214
40327,budget,65169
26281,z,65101
20273,seen,65000
16123,hidden,64925
36189,west,64924
8978,heaven,64332
15854,future,64201
42472,housing,64174
15321,creative,64164
6823,sex,63940
37627,photo,63760
45671,air,63673
5018,eating,63605
1615,economy,63464
3791,cancer,63440
5210,print,63223
41514,corporate,63113
3944,clear,63004
9965,ocean,62614
33436,order,62570
39860,got,62563
31970,copyright,62461
6020,civil,62305
18613,safety,62292
42269,racing,62246
5944,conversation,62028
5238,three,61758
6606,happiness,61624
3163,dogs,61480
36664,training,61419
7626,protection,61416
34044,learning,61403
46276,lying,61400
28697,mike,61391
14795,hypocrisy,61344
1578,plan,61199
33802,madness,61122
29389,find,61032
31571,joe,60926
23684,trump,60847
49375,place,60838
9520,coupon,60617
18684,certification,60599
38228,death,60573
48258,trip,60326
966,library,60165
29518,country,59889
1030,father,59790
24874,card,59769
43127,baby,59768
31151,theme,59762
13123,word,59704
46311,smith,59412
4973,save,59326
16842,mo,59214
27436,action,58763
23575,surveillance,58711
29944,radar,58485
44638,campaign,58347
45258,made,58158
37155,inspiration,57951
23154,portal,57863
17910,survival,57827
47487,directory,57802
20686,estate,57702
43887,getting,57655
1087,china,57522
11528,truck,57437
44786,fest,57432
47649,bob,57414
13063,keep,57255
2655,memo,57248
29086,management,57152
482,room,57107
20004,career,57081
27261,call,57061
2414,say,57026
27713,could,56880
5551,star,56848
35351,student,56758
6464,jack,56670
35460,feminism,56620
22810,al,56538
25878,experience,56520
14404,eve,56335
22171,works,56294
48878,brown,56274
25032,difference,56242
18026,really,56111
20397,forecast,56110
10040,logic,56068
13998,young,55906
21418,lounge,55905
24588,bug,55887
1063,road,55851
7644,reading,55845
20262,register,55834
13010,create,55794
43636,amber,55507
35849,curtain,55413
19429,lottery,55356
9282,police,55204
32701,debt,55169
5706,eu,54963
33498,resource,54923
2901,stuff,54889
41106,almanac,54589
49516,look,54404
43039,strategy,54234
9972,paying,54062
21682,consumer,53939
13743,writing,53874
4002,casino,53859
23802,hooked,53755
21333,trial,53721
24344,silence,53683
11346,council,53583
45126,system,53570
28699,better,53518
13626,skeptical,53388
27942,racial,53261
41408,water,53187
21414,correctness,53173
10084,preparedness,52809
13932,fox,52765
46587,left,52703
22739,alan,52665
11636,want,52629
43981,heart,52578
31679,goes,52558
43965,propaganda,52543
29683,emotional,52515
39118,urban,52444
17339,attention,52333
20416,energy,52247
44828,ann,52227
9600,interview,52225
45208,sin,52211
2691,morality,52201
45832,industry,51950
12397,normal,51941
42603,curmudgeon,51923
49282,board,51863
37214,mary,51810
20033,san,51801
294,pay,51790
8749,manor,51735
9800,conservatism,51716
47343,quote,51604
43758,spring,51519
43009,blitz,51517
30667,article,51453
29945,karma,51395
49276,patriotism,51139
30747,class,50983
16518,canada,50961
26446,secret,50794
3148,age,50450
8576,rock,50345
2279,crime,50333
25721,senior,50265
41550,film,50114
25689,link,49998
28004,paper,49961
39689,martin,49949
2528,king,49912
9194,park,49837
41695,morning,49837
9964,diary,49832
10549,president,49751
1691,logos,49745
25728,wall,49739
19545,literature,49567
14591,cat,49319
30143,faculty,49302
21704,earth,49259
36031,woman,49246
10329,sale,49199
32871,reunion,49164
20951,think,49105
19527,price,49095
26710,courageous,49093
19987,saving,48998
12076,architect,48857
17702,daybreak,48739
8018,speedway,48691
25946,apple,48675
27929,never,48672
42896,county,48596
21785,stop,48532
48253,downstream,48428
19673,lost,48404
43933,ways,48371
13431,federal,48365
1096,dead,48360
41043,would,48341
32073,creepy,48337
32079,access,48305
33954,interest,48284
19749,shade,48282
3345,visit,48239
10811,car,48238
35372,hyperbole,48219
26516,charming,48210
23986,conglomerate,48190
27500,cool,48157
2866,eye,48148
29878,animal,48076
4443,hill,47999
18590,motherhood,47989
47246,retirement,47976
40383,primary,47951
3863,paradox,47823
2324,tweet,47818
3356,tech,47616
42037,income,47590
22031,v,47557
38661,forum,47551
7550,seem,47500
33150,around,47497
9266,simple,47461
30631,emotion,47453
37793,east,47452
8550,dan,47268
27754,rationality,47194
40276,bar,47126
32814,witchcraft,46973
5674,submit,46946
46354,supreme,46931
36728,condition,46924
30541,contribute,46862
20655,truth,46782
28521,garden,46769
9559,mind,46748
40423,middle,46739
25037,box,46608
33721,letter,46416
5758,something,46406
24640,trade,46322
4291,fire,46292
28089,modern,46280
35454,central,46264
27792,narcissism,46139
44808,masculinity,46129
39816,surrealism,46095
45898,el,46087
34523,disease,46058
9076,boredom,46035
24918,pronunciation,46001
4146,photography,45952
13407,reform,45949
31735,sacrifice,45917
48453,giving,45914
2472,superstition,45914
32026,pickings,45900
12999,bodily,45819
5082,liberty,45674
47640,television,45664
37370,forget,45621
26405,tea,45604
4314,ad,45598
27869,reader,45578
40220,space,45513
42857,roger,45426
11066,economics,45389
14606,unseen,45370
30028,nuance,45305
33451,solitude,45255
30077,property,45253
16864,study,45162
49221,store,45128
12429,farm,45104
33070,stalker,45089
22338,unsaid,45045
8992,frank,45037
35402,military,45018
25300,femininity,45002
4551,account,44970
1927,conference,44957
9630,try,44920
48566,current,44796
44682,land,44767
21285,winter,44754
48961,orgasm,44697
20985,lightweight,44665
43681,punctuation,44650
24992,coolness,44566
14110,ben,44464
27106,unwritten,44344
21363,birthday,44341
8109,lateral,44341
30818,embarrassment,44338
4142,criminal,44315
24934,thinking,44277
28646,marginalia,44268
26272,stately,44249
47766,latest,44215
38500,fashion,44210
41975,paraphrase,44177
12210,cell,44161
38685,aphorism,44129
48858,pseudonymity,44126
42326,annoyingness,44108
25183,climate,44105
3027,challenge,43954
23798,church,43954
8377,donate,43843
35704,miss,43784
17138,five,43669
1213,request,43647
34305,college,43638
39875,second,43589
43154,pink,43483
29256,come,43429
1246,product,43280
41438,henry,43254
11909,collection,43028
15255,many,43018
18998,capital,43010
42431,member,42971
16334,sweet,42958
27815,firm,42780
36685,risk,42698
11520,vote,42491
36965,line,42490
48144,unemployment,42374
22731,voice,42330
49154,b,42292
28752,bank,42262
13244,economic,41829
4372,democracy,41824
48501,sam,41801
33880,movie,41774
41525,tag,41759
32359,marketing,41733
46662,trust,41660
35861,super,41647
16661,color,41604
31366,final,41598
21320,face,41592
25806,eric,41529
4487,union,41480
27399,coming,41458
37732,gold,41428
21257,lee,41426
43296,much,41369
47961,fair,41360
16421,advice,41215
33823,custom,41194
47442,without,41181
33346,credit,41089
1034,series,41046
7133,vintage,41000
40820,jeff,40966
47746,nutrition,40954
43951,bush,40929
736,natural,40897
8957,moving,40844
3344,true,40810
9934,yet,40800
33336,japan,40592
41680,immigration,40591
15314,stem,40553
28126,guest,40509
36830,rose,40440
20471,breaking,40389
12867,island,40326
38266,point,40311
40291,give,40285
49467,technical,40280
12291,oh,40149
29639,fund,40101
26057,diet,40046
832,ever,40040
32618,corner,40014
47844,lady,39951
25462,queen,39904
38938,bulletin,39895
30095,shopping,39729
824,child,39705
31422,everyday,39669
29516,commons,39658
9535,head,39566
25310,e,39544
17270,crown,39457
32273,beyond,39218
37319,commission,39206
10785,progress,39170
15755,membership,39100
15227,award,39087
11679,recent,39008
36482,well,38992
31840,win,38977
42694,feedback,38840
44479,jane,38830
17904,hunt,38824
14218,private,38757
49290,alliance,38706
30538,hunting,38672
9525,please,38591
8601,men,38569
41517,boston,38565
38716,opinion,38528
31255,random,38524
928,archive,38474
46749,volunteer,38429
26399,practice,38366
35108,useful,38270
47178,exchange,38251
42777,guy,38191
37554,play,38184
33365,dean,38114
14812,gift,38038
5124,affordable,38016
15931,attorney,38012
3569,smart,37997
1044,area,37971
32317,four,37962
49474,looking,37943
31300,harry,37810
2859,marriage,37809
37513,run,37765
36232,god,37580
14246,buy,37547
17586,golden,37468
9172,environment,37386
42900,contest,37328
18273,welcome,37235
47593,event,37031
17925,weekend,37024
25134,thought,36981
36172,tool,36979
2030,wrong,36914
30461,discussion,36906
26205,million,36800
16931,wild,36695
37812,name,36624
45136,protein,36608
24739,conservative,36594
2829,everything,36588
7574,friend,36521
31361,set,36470
5974,sun,36447
38921,sense,36381
22541,calculator,36373
13012,building,36355
29856,favorite,36322
34103,said,36314
32139,beautiful,36295
17781,chapter,36286
22659,month,36274
30816,construction,36255
39929,expression,36176
37439,front,36126
21494,song,36020
27740,blood,35986
42294,dream,35979
42832,beauty,35915
9279,fall,35865
7081,performance,35813
3902,weekly,35765
15615,town,35688
8848,beach,35625
11638,newsletter,35597
47244,dick,35531
18356,bay,35476
28587,coffee,35473
33741,tony,35396
5488,coalition,35305
9402,cart,35293
5956,inside,35291
4967,biology,35235
37738,mother,35176
755,valley,35131
7261,display,35105
27333,fraud,35046
9350,delete,34974
13301,gallery,34972
4051,planet,34964
25280,helping,34935
41286,boy,34933
20668,bird,34918
30571,kingdom,34813
7641,nancy,34716
21816,finder,34546
32227,deal,34326
7769,peace,34315
15061,abuse,34300
44032,department,34133
39934,taking,34121
16580,fighting,34119
22629,let,34098
11970,ken,34059
41151,crisis,34043
1468,problem,34031
3498,van,33978
30110,organization,33974
2853,short,33949
35094,staff,33926
39663,rule,33900
35787,easter,33837
45544,found,33822
25291,key,33806
19538,hope,33786
448,dating,33784
41393,code,33780
49079,moon,33743
27812,patent,33544
33383,litigation,33509
10574,innovation,33490
29562,even,33421
39840,nature,33377
36786,independent,33371
36634,test,33354
13685,every,33199
21663,medicine,33096
28238,elite,33069
49112,record,33060
10265,check,33045
15941,humor,33037
42484,miller,33013
28227,six,32991
48066,driver,32839
23222,field,32821
18714,body,32732
10204,powered,32691
47063,therapy,32685
24551,signal,32676
31362,professional,32641
10824,revolution,32527
4750,kelly,32479
16667,standard,32454
1747,jay,32421
45227,question,32417
875,liberal,32380
3099,nick,32300
35984,behind,32291
17590,secondary,32281
40311,ten,32224
24704,survey,32148
3165,pop,32123
16652,goat,32094
26813,statement,32093
27068,must,32064
23215,listen,32031
22560,bookstore,31960
24492,early,31903
28599,hello,31851
16965,amy,31842
45524,agency,31814
15290,easy,31797
42579,tales,31790
6419,aid,31760
35930,advocacy,31756
23411,german,31754
20417,sea,31736
31094,alternative,31732
17020,un,31727
31969,violence,31718
8005,journey,31694
33701,index,31641
1533,thing,31587
45836,celebrity,31557
47732,cold,31549
36438,poetry,31466
3141,russia,31409
1958,hall,31379
2238,flow,31333
25964,automotive,31225
6641,choice,31168
34622,via,31165
44620,gun,31128
16101,turkey,31127
17971,add,31120
20905,grand,31106
30076,snow,31105
40606,edition,31077
19541,rescue,31062
28790,defense,31033
27177,j,30977
30462,meeting,30972
34684,journalism,30941
12493,committee,30927
6213,browse,30904
36083,c,30870
22210,safe,30853
1120,kim,30766
37910,tree,30690
2498,faith,30628
7311,studio,30622
311,official,30609
8370,client,30588
47247,gay,30484
5346,employment,30407
31963,third,30218
43197,gas,30200
45995,mountain,30198
26658,wood,30176
45311,battle,30161
46529,statistics,30152
40061,always,30134
16043,annual,30109
20225,cause,30073
27874,festival,30060
29658,computer,30037
37544,ross,30018
45297,funny,29962
37202,summit,29962
3161,foreign,29937
16927,net,29925
47050,fight,29895
8297,corps,29887
11678,leave,29883
49587,source,29809
34196,pro,29754
15779,attack,29753
34752,sharp,29721
39582,poll,29684
27936,da,29676
45283,labour,29670
12452,previous,29641
1015,away,29607
47037,anna,29594
17894,stone,29568
39722,cover,29566
10970,river,29474
21955,wedding,29443
41759,rate,29385
8351,fear,29348
28364,password,29310
40974,season,29282
10982,fresh,29238
14284,loading,29194
35136,fine,29187
14124,matter,29135
4517,legacy,29126
48990,force,29100
6072,developmental,29083
11026,finding,29054
17024,crazy,28974
29066,infectious,28927
39293,lewis,28927
27293,functional,28911
24417,gone,28903
27453,comes,28875
28717,plus,28795
18940,n,28730
40254,fail,28698
38352,laura,28693
32914,original,28677
38508,growth,28642
36742,sclerosis,28599
1283,voting,28598
34495,seven,28550
15525,magic,28532
27567,republic,28529
2005,door,28495
10201,machine,28414
3953,rick,28411
28009,ice,28366
48855,main,28299
511,ethics,28292
1019,congress,28266
4760,train,28237
31139,license,28154
44309,reality,28097
330,almost,28092
28850,hair,28049
7997,league,28033
23370,hard,28022
10521,mar,28014
28516,theory,27963
21366,motif,27929
12344,metabolism,27907
27324,museum,27841
34762,adventure,27828
21839,piece,27824
48809,hand,27815
21910,wind,27793
16600,ted,27764
32127,legislation,27736
27808,zero,27730
30979,picture,27725
13109,welfare,27713
32886,synthesis,27687
31915,validation,27678
39605,inquiry,27658
17298,joy,27630
33471,cardiovascular,27573
43091,movement,27553
45075,station,27538
25077,beat,27537
31090,model,27526
47641,traffic,27515
36443,immunology,27500
8145,graham,27475
47859,antibody,27464
10858,become,27456
15501,tell,27437
16809,murder,27431
9899,phage,27416
31952,ralph,27401
3471,pretty,27362
25577,running,27343
4934,lynch,27310
19952,colorado,27270
33990,fish,27261
649,steven,27256
6230,jersey,27252
27851,renew,27240
18268,amyotrophic,27193
32373,alkaline,27171
10813,thank,27165
47698,mission,27146
15746,important,27137
3941,dance,27136
44742,square,27103
4650,release,27078
36094,labor,27074
17343,hour,27070
27481,sky,27041
14952,hell,26987
43646,entertaining,26967
25295,retired,26966
33265,microbiology,26964
7224,peptide,26947
27364,receptor,26943
45353,response,26936
14603,master,26924
1509,commercial,26902
15439,focus,26896
35759,rhodamine,26890
20692,plotter,26881
33384,intellectual,26877
40176,biotin,26866
38797,transduction,26865
34494,fluorescein,26861
16835,autophagy,26861
7719,phosphatase,26861
6562,phospho,26860
1255,peroxidase,26859
11051,unconjugated,26859
33972,classic,26846
34868,hero,26812
36916,puppy,26784
29870,perry,26772
34533,equality,26769
14276,angry,26751
46390,burning,26724
46358,kind,26678
48586,investment,26634
22349,failure,26557
28450,constitution,26538
20719,wright,26536
45324,virtual,26502
10912,dear,26467
701,marc,26455
46748,walk,26453
41400,ground,26447
3681,ray,26408
31958,maria,26386
34763,philosophy,26378
20555,idea,26365
47315,k,26360
10972,chuck,26346
16694,blair,26346
29,village,26338
31565,enterprise,26242
21849,wife,26208
8058,domestic,26169
8784,far,26125
29391,kit,26098
12142,warning,26043
35414,stand,26035
41035,heather,26020
36525,guardian,26006
25198,electronic,26004
48363,fake,25959
2080,already,25952
23139,rape,25933
23311,decision,25892
35822,evidence,25849
48484,chocolate,25827
11835,doctor,25813
29093,table,25784
16958,large,25746
30825,provider,25724
35606,drug,25697
45002,mail,25688
30951,conflict,25657
584,bit,25653
3173,destination,25639
41828,communication,25612
18514,perfect,25607
1284,st,25605
37376,rob,25582
980,form,25556
7136,fast,25553
20056,suicide,25505
26637,chief,25391
46350,bag,25382
4701,single,25376
15398,hospital,25362
16064,larry,25355
36590,youth,25301
1043,mental,25297
2393,glass,25292
45854,generation,25289
16073,solar,25272
1550,mad,25270
26814,libertarian,25270
40354,regional,25159
6677,lawyer,25116
4619,choosing,25083
26163,everyone,25029
37275,century,25022
19443,chip,25002
24728,horse,24978
43650,bridge,24977
29322,g,24972
45177,environmental,24953
6783,female,24951
34737,return,24941
2209,self,24866
47791,ready,24853
169,walter,24834
39966,worth,24780
26908,knowledge,24761
16345,judge,24696
24768,carl,24693
11597,brilliant,24680
1528,locator,24661
25659,brand,24635
46514,growing,24617
3606,lake,24588
12707,defence,24581
18276,fiction,24580
1881,eat,24573
18145,sound,24556
49200,lose,24548
11674,critical,24495
45565,nuclear,24468
30949,pat,24442
15881,gore,24433
46805,senate,24430
22440,disclosure,24393
18833,residential,24355
5356,speak,24342
40822,isolation,24336
8054,executive,24301
5288,las,24279
13480,alert,24273
45412,needs,24257
18249,western,24248
38,application,24244
22519,terror,24238
37103,clark,24235
2861,capitalism,24227
33192,southern,24224
2485,morgan,24205
10023,ban,24176
42259,lane,24174
47558,step,24162
46611,cup,24160
35183,diversity,24137
19399,channel,24135
26929,warren,24119
30022,bunny,24113
5411,electric,24102
1278,artist,24072
21182,l,24065
43288,colin,24047
21628,warming,24042
29314,continue,24033
1233,dollar,24008
12233,low,23965
27051,inequality,23964
32138,different,23946
18813,giveaway,23931
16509,cake,23908
6205,arcade,23874
9389,republican,23848
10339,rich,23843
33843,poverty,23836
28818,r,23809
20239,grey,23805
10890,trading,23798
22296,cross,23789
28068,impact,23768
5215,intimacy,23762
28577,beck,23754
30168,appeal,23749
24693,fat,23734
23349,scam,23724
11460,counsel,23724
7793,waste,23693
35646,citizen,23675
6026,charity,23669
22041,terrorism,23663
1029,beer,23638
9372,professor,23632
16015,dangerous,23604
16466,interesting,23572
38555,sugar,23560
33079,drive,23545
14746,mi,23541
5877,number,23537
12970,memory,23514
22433,dinner,23511
29183,rush,23487
25847,hate,23479
46367,benefit,23471
12763,major,23466
8670,heritage,23463
21813,disaster,23462
44428,available,23437
26092,together,23364
19501,district,23332
22653,roundup,23280
43447,success,23249
8428,lead,23215
24108,naked,23173
37887,simply,23161
3636,round,23148
3518,moment,23107
10386,ford,23020
14626,move,22990
39691,intelligence,22981
8365,universal,22966
7511,break,22964
44195,content,22957
8910,walker,22895
42543,stupid,22877
47924,quick,22863
15763,clean,22823
48786,fly,22809
2567,mass,22807
13603,loss,22805
39199,con,22727
18008,less,22703
12953,note,22688
12400,wine,22681
6062,mystery,22667
12245,jimmy,22641
4288,michigan,22629
8852,awareness,22595
709,northern,22547
33792,teaching,22547
7345,collins,22486
1046,coast,22481
36518,quality,22456
44545,sexual,22448
6092,bus,22447
36562,parker,22344
40026,perspective,22252
36671,cooper,22244
8158,evil,22184
21711,terry,22180
15275,cheese,22159
12770,bull,22116
36313,uncategorized,22057
27866,former,22054
7468,chaos,22045
40369,memorial,22018
23308,breakfast,22013
27045,strong,22011
3533,pope,21996
20527,cole,21995
9750,anniversary,21993
19674,jean,21978
49472,band,21974
47701,agent,21961
26812,banking,21945
7787,exam,21904
8815,higher,21864
42800,billy,21863
8475,cloud,21840
3847,agreement,21829
44596,army,21813
20813,write,21803
5325,carol,21800
15158,orange,21793
5598,wolf,21777
20364,half,21775
36396,para,21775
29191,rice,21759
36273,grace,21732
11397,transport,21727
33394,nelson,21725
25176,anything,21685
30883,emergency,21685
47446,launch,21682
43848,chicken,21679
35717,identity,21679
33484,amazing,21675
13391,login,21657
35024,effect,21650
25651,robin,21615
38191,whole,21592
38633,pain,21591
27599,audio,21568
982,p,21560
46200,hip,21557
7909,lawsuit,21528
49402,phone,21527
41742,brad,21496
47162,border,21479
30124,craft,21477
21170,cash,21455
22063,canine,21418
25264,historical,21414
21473,missing,21395
30666,silver,21376
44279,slow,21369
29431,junk,21365
14455,solitaire,21365
3612,underground,21351
45815,notice,21347
11294,kirk,21335
39077,millions,21327
31406,football,21313
7055,racism,21306
44449,carpet,21296
40723,mac,21295
8599,hit,21287
36225,cooking,21247
24104,poor,21234
32765,edge,21233
26607,brief,21213
32732,interior,21182
16532,ball,21135
26597,contract,21134
21818,convention,21123
25566,religious,21117
10074,saying,21101
25765,tomorrow,21056
11573,engineering,21051
7922,leadership,21044
11345,royal,21027
3731,pack,21007
41989,authority,20994
36898,merry,20981
34650,presidential,20962
20053,comedy,20959
23602,garage,20930
10323,kill,20893
44543,scandal,20868
47969,cut,20863
8704,balance,20857
40390,captain,20823
14074,commerce,20812
37768,surgery,20792
36445,prince,20748
1551,cheap,20733
35195,date,20732
45780,camp,20721
12133,recovery,20704
20140,competition,20684
39151,spirit,20650
22623,sanders,20630
8282,baker,20623
27083,speaking,20620
10150,aide,20573
26538,concert,20562
11746,historic,20531
44761,send,20521
1700,obesity,20473
48447,cultural,20447
44674,drink,20425
49338,prison,20408
25587,per,20407
34844,forest,20384
29474,famous,20381
36763,id,20370
7083,soul,20351
19141,guilty,20335
19198,progressive,20294
33147,quiz,20273
33404,sue,20254
48191,issue,20203
48987,cook,20200
790,sally,20179
28021,outside,20176
41295,industrial,20175
34270,iron,20140
31184,wisdom,20133
15250,corruption,20096
42458,jury,20095
43177,jerry,20071
40314,angel,20061
24174,academy,20052
30251,radical,20048
10439,term,20013
38064,gray,19988
22642,thanksgiving,19971
39877,manage,19964
16506,teacher,19944
36033,extreme,19926
2144,organic,19923
126,bowl,19917
39281,abortion,19911
48439,economist,19910
42073,lab,19884
36896,foster,19877
33085,thread,19848
28767,blues,19824
15297,scheme,19790
16439,hospitality,19770
37047,stay,19756
2726,carter,19713
37622,di,19684
37189,salad,19639
29278,walking,19610
33726,shelter,19605
46590,driving,19597
25140,chronicle,19596
44441,customer,19522
31267,improve,19505
20271,referendum,19467
26731,stock,19462
31710,summary,19450
46344,resistance,19445
36533,regulation,19431
8254,murphy,19430
8983,cherry,19407
29745,author,19400
1250,enough,19398
40988,hotel,19398
30851,becomes,19384
14966,sandy,19363
30284,workshop,19359
44295,patriot,19280
44692,administration,19264
27674,upon,19262
14930,chemical,19247
48503,monthly,19218
8051,also,19215
44263,evolution,19200
25149,value,19195
11594,calling,19195
39169,prize,19191
32115,mess,19172
14553,purple,19163
7973,castle,19148
12413,dust,19091
31272,bring,19074
38775,kerry,19055
21965,circle,19051
16487,winning,19026
3921,recipe,19018
1657,opening,19001
35490,domain,18995
33770,thanks,18990
3914,beth,18961
42943,emma,18948
16614,grant,18944
17139,finally,18941
35456,rest,18940
6521,target,18907
22030,advanced,18881
15276,essential,18873
34562,command,18842
13167,saint,18808
5320,camera,18806
23869,geek,18749
36790,wellness,18740
10116,claim,18739
8622,princess,18732
5151,partner,18710
14588,ruth,18692
1996,used,18675
5874,keeping,18672
2717,cute,18619
39295,vision,18619
563,cream,18610
9136,behavior,18587
18871,close,18582
34093,mitt,18580
31319,chic,18577
49447,level,18571
32416,pundit,18562
17623,shot,18559
6846,dad,18556
1221,build,18512
45098,mining,18490
33961,relief,18488
46808,forward,18485
11940,amendment,18440
323,birth,18423
32475,penny,18395
31218,wire,18387
7470,independence,18385
23946,elephant,18378
9865,late,18344
27041,advocate,18330
33689,flower,18328
15666,fascism,18297
42163,window,18266
23953,constitutional,18230
19018,protect,18229
37539,architecture,18198
6059,version,18184
35574,sons,18162
44893,tale,18127
27401,express,18101
14335,patient,18078
24945,touch,18077
35995,die,18060
4876,yellow,18032
41735,present,18023
22184,might,18021
43564,jake,18005
31800,deep,17984
24793,since,17971
48629,lord,17970
39465,reserve,17946
8207,brother,17926
7776,digest,17918
4466,piper,17892
26624,exercise,17862
24987,director,17831
29305,rise,17810
24242,believe,17806
9681,lots,17801
30050,investigation,17793
39237,monster,17782
5601,wealth,17772
35769,false,17726
46524,put,17721
37472,adoption,17713
45540,fiscal,17704
35506,speed,17703
20633,depression,17672
42302,spot,17667
8962,operation,17657
34022,wonder,17630
25855,answer,17625
40202,wish,17608
16106,creek,17605
28367,transportation,17593
42887,course,17584
21360,flight,17583
17563,tiny,17571
13410,rabbit,17560
25326,sister,17559
9661,division,17554
28042,h,17551
47650,holy,17521
514,tory,17515
37532,lovely,17511
33002,direct,17498
24086,kent,17481
3170,cleaning,17455
41701,popular,17449
45996,chat,17440
16022,assessment,17433
28235,lunch,17402
39522,catholic,17399
14457,rip,17387
3191,role,17364
17817,empire,17359
27988,rain,17340
5864,retail,17339
17177,strike,17338
5814,alcohol,17330
18343,longer,17320
23673,ministry,17310
40742,testing,17286
882,ruby,17263
3766,pig,17224
39754,flea,17216
44150,stealing,17189
12031,pressure,17188
19072,rocket,17179
25014,danger,17159
27616,losing,17158
13006,kos,17142
3708,went,17136
34633,rand,17123
8963,electoral,17120
18081,size,17118
5189,initiative,17110
14351,shepherd,17095
24765,gear,17090
33435,pattern,17078
48903,pie,17067
40032,hike,17037
33712,person,17019
46446,least,17007
49216,armed,17005
1401,den,16993
45849,griffin,16984
11511,roll,16967
23850,receive,16961
1066,process,16960
47233,peak,16959
11200,selection,16956
33274,f,16939
28740,parent,16934
17048,candy,16905
16181,mommy,16898
5589,floor,16892
2299,freeman,16859
21780,socialism,16856
8762,donna,16844
26601,tucker,16844
44650,saved,16805
40408,basic,16801
37926,carbon,16784
42110,bell,16782
27589,smoking,16776
28642,fourth,16775
43140,farewell,16773
23326,cottage,16771
48017,exclusive,16769
13093,straight,16760
1974,chef,16754
25123,across,16746
14996,hurricane,16719
19518,total,16703
33388,non,16687
2757,trying,16683
11146,inflation,16681
29723,featured,16675
46405,barry,16664
4799,address,16659
35404,collective,16657
31086,notebook,16657
13779,reference,16630
30990,parliament,16622
6754,soft,16609
44649,rolling,16586
2926,grow,16586
10333,lay,16547
48157,supply,16530
17887,message,16516
24409,theft,16516
35317,based,16496
11843,gardening,16490
48890,introduction,16479
19824,neighborhood,16465
2578,daisy,16465
7891,nest,16464
45543,syndrome,16454
12118,flame,16452
24220,employee,16445
7957,curious,16440
24352,torture,16387
23368,adult,16382
32695,heat,16380
29032,q,16358
26078,phoenix,16351
21584,democratic,16341
20678,agenda,16340
15107,broken,16339
43774,funds,16299
5549,hong,16299
32380,raw,16286
21407,bobby,16263
27046,vacation,16258
34051,dry,16257
7390,bread,16203
39993,bishop,16189
31599,spy,16185
14802,hear,16181
35389,fitness,16178
29068,gap,16172
38029,atlas,16161
27224,diabetes,16142
32074,infrastructure,16139
24026,sport,16125
41373,flash,16098
48364,bee,16097
34119,duck,16080
48813,buzz,16074
4045,yahoo,16074
33352,mean,16072
40769,engagement,16065
25607,flying,16028
29835,sector,16017
21828,obedience,16008
24420,w,16002
33818,bliss,16002
32573,hearing,15997
8168,sad,15997
40539,sunshine,15988
23717,told,15977
6546,coal,15967
18424,equity,15964
21610,insight,15960
15076,charter,15953
48377,prevention,15945
15786,factory,15942
28148,trouble,15926
13020,gene,15919
23855,billion,15916
15320,dress,15879
21798,tiger,15878
24583,pacific,15874
44002,treatment,15851
1765,weight,15842
28347,base,15836
42784,shooting,15831
34876,passage,15820
5492,ghost,15819
43676,increase,15810
10360,expert,15810
5955,wordless,15784
41821,era,15783
6935,milk,15781
40309,mel,15775
1903,within,15772
27854,image,15769
6479,overview,15764
38017,enforcement,15761
40463,activity,15734
21524,rent,15731
13902,prayer,15715
26330,crash,15714
15673,dash,15709
10240,montana,15695
1345,effects,15691
33127,hi,15675
22000,premium,15673
41953,drew,15671
3985,ginger,15663
4545,production,15660
7108,serious,15653
689,molly,15647
34090,registration,15636
9012,worst,15608
40097,path,15570
32974,bond,15557
27414,son,15555
5397,draft,15536
29402,hood,15527
17292,outdoor,15523
4739,foot,15493
34075,restaurant,15484
10030,approach,15455
42853,tuition,15447
32342,regulatory,15428
29115,transparency,15423
47347,nursing,15395
27586,dot,15373
39340,chamber,15356
15260,flat,15353
26652,editorial,15352
39177,visual,15342
47726,commentary,15337
18961,jo,15325
45367,seat,15323
15009,pen,15317
2428,rocky,15317
44180,penalty,15291
5246,zoo,15245
21707,elder,15243
21347,ring,15232
35917,limited,15231
46844,resolution,15212
23384,wheeler,15174
14116,chile,15165
23837,autumn,15157
27765,monkey,15153
43627,drinking,15121
45455,population,15119
18385,liberation,15115
17816,victor,15115
766,announcement,15114
47974,arrest,15110
42892,rising,15069
28531,demand,15057
33779,dental,15049
34793,ride,15021
3899,theater,15014
11717,honest,15011
16272,done,14987
525,dawn,14970
10557,wing,14962
25727,dude,14958
47891,harassment,14954
5990,winner,14935
9509,newspaper,14895
13540,paint,14893
29469,shocking,14892
37709,observer,14890
26502,ranch,14889
11045,vet,14882
20074,bright,14871
8030,mirror,14871
49332,cinema,14858
24471,rebel,14839
29798,prime,14817
31657,eight,14817
46539,hart,14802
45445,moral,14792
35152,near,14790
35394,due,14790
18484,fuel,14789
27627,actually,14788
12432,ward,14763
25029,benjamin,14752
3542,wildlife,14745
6915,minister,14744
33285,hedge,14744
24975,section,14739
31907,sheep,14725
5939,protest,14718
30156,ultimate,14703
42015,furniture,14703
1107,devil,14696
25915,killing,14673
30230,yes,14670
46125,native,14669
16158,ahead,14662
41180,u,14659
19846,fan,14646
34566,offer,14635
15283,currency,14629
30311,rally,14600
37039,manifesto,14594
10400,structure,14590
29587,giant,14586
48640,reduce,14577
29127,desert,14573
44606,spencer,14565
23056,handmade,14562
13409,chain,14555
33392,tribune,14550
17353,seed,14542
35091,block,14542
30848,anyone,14536
34116,kitty,14532
48628,anxiety,14501
562,lily,14496
17185,bias,14484
14042,lot,14483
10940,spin,14482
27460,choose,14481
634,morris,14480
25166,flu,14469
27719,complex,14461
10791,status,14437
18316,along,14422
25306,blind,14403
45347,raising,14400
22083,dumb,14398
6847,berry,14392
3595,es,14387
2558,berlin,14387
5822,counter,14379
2167,frog,14379
42270,proof,14377
23319,senator,14371
5558,ca,14366
48639,caught,14357
1948,sir,14340
29494,fact,14339
3610,genesis,14321
36873,likely,14317
11296,fit,14312
13637,payment,14306
43407,clint,14293
46777,allegedly,14267
40902,lucky,14259
19569,catch,14257
19731,treasure,14251
23919,caroline,14250
48423,reed,14235
393,user,14234
49597,kennel,14211
38832,quiet,14207
20785,pearl,14200
48117,sell,14195
3737,turn,14194
43647,rating,14187
31587,spending,14178
2843,bureau,14167
9782,decline,14166
32389,mine,14154
39060,slime,14144
48816,coverage,14139
1943,starting,14116
20863,psychology,14115
11648,seeing,14111
9424,malkin,14103
9646,jenny,14085
25288,accountability,14082
44831,gateway,14075
40318,tammy,14047
12114,writer,14040
24148,according,14023
39654,canon,14004
17178,jewelry,14004
1630,jordan,13994
33218,knight,13979
17285,friendly,13973
5073,cutting,13966
47809,soon,13959
16333,mortgage,13957
37445,holly,13952
3070,blake,13951
29827,fix,13937
12849,educational,13917
45139,shadow,13896
44467,earthquake,13887
42155,chase,13878
28899,navy,13875
6936,pure,13872
20261,daddy,13868
44917,thrown,13867
23529,chance,13865
209,atlantic,13865
29162,charge,13865
4999,victory,13863
730,feel,13862
44762,baseball,13838
18350,lack,13827
12615,bite,13821
20652,affect,13810
22518,pit,13786
11621,pa,13781
34077,cotton,13759
24582,wake,13756
40608,newsroom,13755
1012,mouse,13748
316,pregnancy,13723
19464,ordinary,13701
24717,illegal,13694
7221,deputy,13679
40349,talent,13674
49488,minute,13668
19177,soup,13668
13745,holding,13666
4850,met,13645
41793,lazy,13637
618,factor,13603
5490,newt,13588
26580,killer,13585
23114,brazil,13582
48730,assistance,13567
23200,huge,13563
42510,watching,13559
8508,arms,13559
43810,telegraph,13558
26314,potter,13551
5959,testify,13537
29754,manager,13537
36826,blame,13515
46754,understanding,13513
21526,counting,13510
28905,occupy,13500
44319,nine,13484
25617,lie,13465
32788,cult,13461
8916,boot,13457
24188,leader,13456
40155,designer,13454
8097,honey,13453
38764,veterinary,13446
45874,suspended,13441
37730,cox,13438
9808,savage,13431
32879,toy,13430
29764,buddy,13424
250,plant,13412
20823,quietly,13387
24044,minority,13377
44977,badge,13363
46578,lone,13362
13128,yard,13358
14936,fantasy,13355
11840,khan,13355
23987,strategic,13348
42179,congressional,13333
7956,threat,13332
5576,opportunity,13312
41032,anger,13312
17870,average,13304
32925,federation,13302
4872,renewal,13294
1300,editor,13268
42937,clock,13242
348,closet,13240
44888,elementary,13239
25536,musical,13238
25694,comfort,13236
2427,franklin,13236
38735,tank,13231
4805,joint,13222
23277,corporation,13220
8868,bomber,13207
5609,dancing,13194
39264,among,13187
1748,disability,13160
34172,ink,13149
38341,governor,13143
18690,someone,13140
15055,officer,13132
42541,se,13128
28066,proudly,13126
27843,marco,13092
47483,engine,13087
2674,conduct,13085
42646,flooring,13085
45981,wired,13071
20253,rail,13067
21958,discovery,13062
34999,born,13062
45281,recall,13058
4575,standing,13053
43283,crafty,13050
42960,luke,13045
46020,loose,13040
2879,protecting,13036
29979,fifth,13030
24373,compensation,13019
44102,anonymous,13012
4023,voter,13012
32455,em,12984
38284,complaint,12982
11647,inner,12968
8421,hat,12966
37706,sustainable,12964
10976,rant,12952
22049,solution,12946
12885,campus,12935
28621,dining,12927
37934,leading,12926
11795,penguin,12922
34111,drop,12921
38186,grounds,12907
35229,bomb,12901
37629,math,12891
26655,dutch,12888
37076,lesson,12882
4636,advisory,12876
19094,nanny,12874
42724,episode,12873
38943,extra,12867
21042,known,12865
9149,jihad,12849
5102,daughter,12834
38923,positive,12829
49530,lemon,12815
33015,geographic,12801
9472,palmer,12799
43699,unknown,12799
10292,warner,12796
36987,pick,12796
10417,barking,12790
35349,fabulous,12788
28841,costa,12783
11897,prof,12778
29227,shell,12769
24160,stage,12766
36530,guess,12752
39931,rainbow,12749
25202,owner,12748
49275,airport,12734
40562,hearts,12732
6183,alison,12712
14056,turns,12712
41961,marijuana,12712
3483,transition,12710
5712,hop,12703
26166,conservation,12699
32755,investor,12698
36782,bullying,12694
4668,modular,12688
10060,responsible,12664
44748,salon,12664
47948,terrier,12661
3007,apartment,12654
1152,politician,12653
49469,becoming,12642
4290,mix,12641
40180,employ,12625
30593,painting,12617
47696,herald,12614
36776,consulting,12610
48101,loving,12609
16091,booker,12607
36043,pipeline,12600
24096,marathon,12595
9693,resume,12594
11523,ex,12589
48693,clothing,12578
38930,title,12574
9188,goods,12560
27810,wise,12550
12613,core,12546
41508,track,12543
21006,vice,12537
22117,crap,12528
2637,welsh,12522
9249,temple,12517
4322,fort,12510
9973,tower,12504
20381,pete,12501
29112,written,12497
20874,jazz,12480
15600,rural,12471
695,romance,12464
42381,crack,12461
43904,petition,12457
37756,diamond,12450
15127,bailey,12442
8461,divorce,12437
30789,clothes,12433
34419,tonight,12421
42105,discrimination,12418
32103,swine,12413
23100,literacy,12408
33874,democrat,12407
29198,monetary,12406
1105,salt,12405
3546,rare,12402
6627,bark,12389
7640,literary,12374
3419,resistant,12373
37969,teen,12362
37653,singer,12362
5312,fruit,12350
27582,recently,12340
40899,ago,12327
48689,dragon,12326
31000,assembly,12317
23820,steel,12314
28785,das,12303
20489,chick,12298
25844,reporter,12286
26766,alien,12286
1205,wage,12280
45162,witch,12270
34571,pass,12259
4927,josh,12234
49328,sand,12227
3615,bedroom,12226
15377,graduate,12225
47903,traveling,12223
14622,bubble,12219
47267,victim,12190
5048,treasury,12189
16174,assault,12189
37082,belle,12187
2562,fisher,12185
29449,kindle,12184
31120,sri,12169
36789,myth,12169
34690,mixed,12153
31379,learned,12152
41670,material,12152
11917,cain,12136
4971,entryway,12127
49066,ownership,12123
8566,nova,12122
13867,busy,12121
11321,panel,12112
40307,irony,12110
26203,purpose,12105
110,meat,12099
18431,globe,12098
29828,humour,12086
10164,pool,12076
1357,butler,12075
18734,taste,12051
33596,awesome,12051
28415,option,12050
30857,homeless,12040
32414,remember,12039
37100,bean,12038
19490,mill,12030
5334,universe,12004
16789,cable,11989
29758,contra,11981
23879,dictionary,11979
12736,hank,11971
20966,partnership,11970
37012,academic,11962
20128,multiple,11959
25649,blast,11956
13896,randy,11955
43347,teeth,11945
24068,heath,11935
13286,celebrate,11932
19050,soldier,11922
4740,accident,11921
27641,hoax,11917
49037,stress,11915
2226,chart,11894
46418,listing,11890
21598,biggest,11884
23501,horror,11873
35080,na,11869
30542,inspector,11856
26345,lucy,11849
26774,maybe,11815
17972,recession,11811
24837,recruitment,11810
39203,sec,11808
34308,reply,11793
29741,monitor,11781
41208,betty,11779
42102,mayor,11777
40890,stella,11769
38193,injury,11752
25453,tutorial,11739
18415,bed,11735
21209,ahoy,11730
12084,scoop,11728
47277,generic,11725
38159,leaves,11710
3209,asset,11706
28932,boost,11700
12124,poppy,11695
7710,branch,11666
4431,consider,11653
14796,loan,11651
3069,feminist,11643
23983,pub,11638
42511,comic,11635
14337,aim,11631
8409,porch,11630
31812,bike,11629
25361,disclaimer,11622
22432,sheet,11622
20932,classical,11621
33286,practical,11595
21971,elaine,11571
26376,warrior,11560
30769,potential,11558
30935,passion,11552
1430,duke,11546
23926,compare,11545
3391,cliff,11545
22401,select,11539
11612,bloom,11532
32811,sierra,11524
43596,promote,11520
44924,breed,11517
39294,autism,11517
17900,fishing,11514
11034,teach,11507
31662,plain,11507
6917,escape,11499
14906,minimum,11498
47216,port,11495
10740,olive,11487
44694,honor,11485
47280,hub,11484
35655,thunder,11478
15809,task,11477
6116,conscience,11476
29170,raise,11472
35639,couple,11472
28006,crow,11465
26957,tu,11445
340,judicial,11443
7669,sick,11437
4313,muse,11435
42127,sure,11432
1925,satire,11428
12538,accounting,11427
31008,velvet,11413
30813,digitalize,11413
26493,knife,11398
41053,button,11398
34891,dale,11396
38317,libertarianism,11392
49266,miscellaneous,11386
36995,fed,11383
12108,documentary,11381
28964,revenant,11380
8320,column,11369
20498,clown,11360
19267,sacred,11343
33135,match,11342
4546,agility,11342
48383,range,11339
48399,terrorist,11333
7953,robot,11329
35825,hold,11324
29203,boots,11318
8101,inspired,11309
31511,motion,11304
29353,virgin,11303
37130,metal,11299
14062,strawberry,11290
6943,envy,11283
9110,proposal,11278
20680,evening,11277
20667,essay,11267
12786,mick,11260
30889,journalist,11250
31229,parade,11236
37866,cabinet,11232
5317,turtle,11232
8137,trail,11228
3596,cap,11227
48161,selling,11225
41743,silicon,11214
23087,skin,11204
20494,productivity,11202
23765,census,11195
47448,expect,11194
3112,facing,11192
21475,nonsense,11190
4220,fairness,11180
30845,sewing,11172
1001,drill,11171
36923,abbey,11169
865,coco,11156
2587,hack,11153
20229,childhood,11132
15358,audit,11125
1342,parking,11115
38291,ash,11113
46832,epic,11090
34723,physical,11079
26120,migration,11078
31616,male,11072
38634,egg,11060
35425,storage,11053
3475,mason,11052
22985,sunny,11051
42826,influence,11050
31841,active,11025
27822,marginal,11023
38701,renewable,11018
33408,silly,11010
22942,paddy,11002
2450,formula,10992
1602,habit,10987
6711,transfer,10978
5440,creation,10962
16381,breeder,10956
16449,stolen,10955
17957,promise,10953
846,insider,10946
43297,location,10942
3614,region,10940
49462,banana,10939
18830,spotlight,10932
41144,flag,10931
16233,humanity,10927
42647,yo,10918
24526,heresy,10915
41920,tip,10908
5725,doctrine,10907
7028,champion,10898
9795,printable,10893
34428,laundry,10886
17683,profit,10883
35327,tourism,10882
33429,waiting,10878
29609,following,10876
13328,lower,10875
8289,discuss,10875
19712,advance,10865
28420,greater,10863
6727,flood,10856
5485,mint,10849
3013,platform,10844
37749,pam,10844
42417,secretary,10829
37962,related,10829
24269,moss,10825
45105,grass,10796
20403,crew,10793
47954,avenue,10789
34708,grammar,10788
7925,declaration,10787
26191,came,10785
15003,refugee,10774
2502,poem,10772
34252,manning,10771
45977,clinic,10769
6718,wages,10758
44245,genius,10755
37482,forever,10754
39219,tribute,10738
16302,delay,10732
12683,vehicle,10722
11287,crystal,10719
1124,feeling,10713
4541,tough,10704
2802,airplane,10695
38023,browser,10694
45590,wave,10691
42590,divine,10689
506,excellent,10680
3613,bankruptcy,10678
39265,deficit,10671
36015,bin,10650
23779,trend,10645
31407,settlement,10642
27518,bang,10636
13195,sessions,10621
45531,unit,10620
42249,married,10618
16753,preparation,10609
31045,spectator,10608
35369,alec,10608
15965,clay,10605
48612,framework,10590
42836,turning,10582
30410,fairy,10576
9873,tail,10575
25967,predator,10574
33187,duty,10568
15142,booth,10564
2897,arctic,10553
25100,respect,10545
11437,cycle,10543
13615,horizon,10538
17902,rather,10529
939,improvement,10526
21509,streaming,10525
32184,creativity,10525
21268,neutrality,10516
24834,session,10493
27771,solo,10489
8808,socialist,10486
46789,miracle,10483
25768,soccer,10479
26341,marine,10479
28644,renaissance,10479
2999,upcoming,10464
9784,cartoon,10457
6685,ignorance,10448
2121,coat,10439
2169,illness,10433
1422,eastern,10427
4035,cannot,10419
43162,hurt,10417
14442,amnesty,10408
7648,auction,10401
46704,electronics,10396
9919,traditional,10387
49186,chair,10384
2723,eclectic,10377
18603,beginning,10373
45710,barn,10367
9308,wait,10364
29694,drum,10352
43494,eminent,10344
46893,revenue,10342
2544,document,10323
40946,noise,10308
31438,dose,10304
29954,sometimes,10300
3790,insanity,10298
43576,tragedy,10288
18511,fury,10283
6708,harman,10281
19043,taxation,10280
2475,seriously,10279
6806,activism,10270
45635,autonomous,10263
17847,barney,10254
47054,junior,10245
35265,workplace,10245
17951,kay,10242
10215,discount,10241
10361,paradise,10230
7759,pride,10227
33306,responsibility,10220
1574,rita,10219
20095,gazette,10216
39590,physics,10209
28915,possible,10203
38539,motor,10192
39586,sal,10186
3935,bloody,10178
7364,monopoly,10161
16095,colors,10160
28040,friendship,10160
45817,led,10143
7825,dow,10142
15048,fiat,10141
22353,hole,10140
34269,contemporary,10132
24963,intelligent,10124
38506,acorn,10120
26239,equipment,10119
42220,lion,10114
554,plot,10114
365,trooper,10111
29006,lighting,10100
41706,breast,10094
17376,fabric,10094
25243,bath,10093
46143,seasonal,10091
44832,finland,10088
2536,reverse,10080
31568,later,10078
20545,slavery,10069
119,nose,10068
26741,closed,10059
5079,caption,10058
7369,type,10051
22652,ass,10051
7458,handling,10048
28687,aka,10045
48642,trick,10042
22891,bottom,10031
33385,chrome,10027
16230,fired,10023
37280,wear,10017
14639,sew,10017
47095,player,10014
14425,argument,10002
24414,rex,9989
32994,breath,9988
9669,vincent,9985
3407,helpful,9984
5625,boxer,9980
46687,shock,9978
33926,inspire,9975
19633,spectrum,9968
34721,healing,9965
17372,kat,9965
3082,upgrade,9959
15581,hogan,9959
27838,timothy,9958
4793,rover,9945
35232,laser,9940
34668,built,9936
10410,os,9931
2641,fellow,9926
39638,pin,9924
28653,pollution,9923
11512,exit,9919
48310,hound,9894
5038,tape,9887
6909,advertiser,9886
36900,burke,9885
29101,holder,9879
10925,joke,9878
39884,seminar,9869
16038,trailer,9867
28144,swift,9864
43327,feature,9858
2267,sample,9855
22287,purchase,9848
46077,silent,9845
40763,punishment,9838
20050,wide,9836
35180,stumbling,9834
19615,collar,9830
2905,serve,9819
17993,commonwealth,9818
35815,destruction,9809
28037,triangle,9802
7839,delivery,9802
15516,tube,9802
33652,noble,9801
7496,humane,9796
11335,stick,9788
1596,viva,9787
18571,preservation,9786
19467,archbishop,9777
49061,liability,9777
36316,plate,9772
6308,avoid,9770
42752,beast,9768
16560,pepper,9762
18152,quit,9757
36215,falling,9756
4464,comprehensive,9749
31808,cube,9747
27442,moose,9746
5527,push,9741
33510,activist,9738
18322,grill,9737
4985,nostalgia,9730
10514,screen,9727
29195,translation,9724
26441,politically,9722
40806,sides,9687
29904,tobacco,9687
19533,opposition,9681
8831,philosopher,9681
27007,afternoon,9679
25004,painted,9673
35171,circuit,9672
19800,neal,9669
4503,pot,9661
14083,struggle,9648
33996,holt,9643
33479,pizza,9642
40886,benedict,9640
30109,scholar,9636
78,ear,9633
2741,edh,9628
43939,transcript,9606
32776,probe,9591
4853,butter,9591
12163,ranting,9587
28400,quest,9578
47486,gang,9576
21733,script,9575
47585,totally,9554
15153,stein,9554
18524,astronomy,9546
25461,fee,9535
35519,sanctuary,9532
32395,consultation,9525
26115,tropical,9523
47110,lover,9521
8095,foreclosure,9519
32004,mumbling,9515
45436,scary,9514
25076,household,9513
27416,seth,9512
14332,desire,9509
5062,doubt,9508
8430,feline,9507
39785,explorer,9502
19286,ticket,9494
36751,subject,9492
43522,forced,9481
30570,enter,9479
17509,surprise,9477
48753,host,9474
20318,pony,9470
3403,watchdog,9459
24139,salmon,9450
14273,furious,9447
32116,leather,9440
39597,alone,9437
3621,fur,9425
9850,parenthood,9424
28884,evaluation,9419
24296,ya,9415
40001,governance,9409
22947,mango,9408
8814,chow,9407
11794,bottle,9404
8636,retriever,9402
9426,announce,9401
47832,abroad,9387
42451,oral,9381
5684,morocco,9379
416,shape,9376
8522,bare,9373
49197,wonderland,9370
16469,cop,9365
46761,turner,9364
17636,wonderful,9363
11174,nationwide,9356
43891,ancient,9353
24452,hook,9343
25531,terrible,9336
36939,spiritual,9335
37479,concern,9331
9283,defend,9331
33576,hide,9327
26918,yoga,9322
16235,barcelona,9320
7691,petit,9320
34316,communism,9306
13186,drudge,9301
42642,invisible,9300
44860,heavy,9286
15451,fancy,9284
37349,rusty,9281
48055,tommy,9271
4041,listed,9269
36997,gypsy,9264
48164,photographer,9256
23761,toby,9253
35207,album,9253
1460,homosexuality,9241
38611,plastic,9226
14040,legislative,9226
26947,boo,9224
36455,asylum,9224
11691,draper,9223
21169,honda,9221
37791,classes,9218
47288,zip,9218
7986,pants,9217
13465,nationalism,9214
24043,carnival,9214
24957,ambush,9213
35857,farmer,9206
10644,dodd,9204
5043,brook,9202
23789,dispute,9200
12989,guidance,9198
47657,fortune,9192
45469,spark,9188
26329,happening,9186
44324,cozy,9182
19431,candidate,9179
22499,smile,9176
7227,teens,9171
29321,behaviour,9168
4836,worse,9167
31334,fixed,9155
8074,rowan,9151
5323,blocking,9148
25628,soy,9145
253,scientific,9143
27393,root,9142
38359,connect,9136
25670,copy,9133
42700,trash,9132
45295,darling,9131
20413,shoot,9131
36897,damage,9129
43300,manual,9124
247,else,9119
26108,rental,9115
13461,gate,9109
24900,premier,9094
34371,disabled,9090
6315,leak,9088
17358,graphic,9086
37724,posted,9085
10391,desk,9077
12704,scene,9072
48671,analytics,9070
35626,genetics,9067
37267,pi,9065
44142,effective,9064
7158,regime,9056
22524,tradition,9047
42599,employer,9047
5932,conversion,9044
27259,anti,9041
13746,representation,9034
42848,cow,9023
13543,alpha,9022
502,baking,9013
15146,newton,9012
22074,daytime,9011
2737,frost,9003
14344,slate,8999
33900,gaming,8995
23679,illustration,8992
4359,suit,8991
9275,towards,8984
31315,mode,8979
22824,midnight,8966
37948,folk,8954
38629,bees,8954
28407,ditch,8949
46642,polling,8947
16732,colour,8940
12462,racist,8940
44495,federalist,8934
3350,mouth,8933
30786,utility,8932
5928,invasion,8932
27753,levin,8929
408,revenge,8924
1717,kangaroo,8919
26555,tasty,8915
5461,specter,8908
43389,irene,8908
27645,ana,8902
29897,cure,8892
42014,butterfly,8889
28923,rogue,8881
30588,bolt,8879
29058,deck,8878
1428,sat,8876
45687,sort,8871
15520,pension,8866
2952,isle,8865
5741,maker,8864
2593,pulse,8864
46440,palm,8858
573,peanut,8851
38454,streets,8844
28720,raccoon,8842
33240,given,8840
27241,jail,8836
41134,tribe,8834
20920,liver,8834
36027,piracy,8824
8175,entry,8821
26772,rainy,8820
11565,empty,8807
26077,fame,8803
38281,direction,8803
46393,diva,8803
34101,count,8802
34969,spice,8799
48362,fence,8797
12487,pence,8789
397,coach,8789
29011,involved,8787
47192,hiatus,8783
30420,mid,8776
23443,incredible,8771
39462,funk,8769
26264,hollow,8765
48092,veteran,8765
39936,rational,8763
24995,connected,8758
45463,suburban,8753
44413,parliamentary,8753
19635,background,8752
37357,ugly,8740
44535,fool,8733
30331,meaning,8726
46614,oak,8713
24546,unique,8713
12716,transformation,8712
30810,novel,8711
33455,bud,8704
46576,preview,8703
39520,presentation,8697
17768,spread,8695
32565,directive,8686
8077,holocaust,8680
2990,fen,8668
41073,bowie,8668
13040,genetic,8663
22883,origin,8657
37133,understand,8656
28052,bacon,8651
3738,frame,8650
24122,onion,8649
44126,quilt,8644
30619,weber,8643
47283,portfolio,8641
21938,thinker,8633
1009,cast,8631
26711,nobody,8630
37327,gulf,8625
36376,reach,8623
19421,rhetoric,8621
32478,lens,8611
2123,patch,8609
39832,feeding,8608
30483,guitar,8604
5524,acid,8593
23913,secular,8590
40417,herd,8578
27671,gratitude,8571
2709,quarter,8568
20335,travis,8559
2724,individual,8550
24981,definition,8538
18155,broadcast,8537
38415,dos,8536
48077,familiar,8527
387,tactics,8526
20568,livable,8517
45185,corrupt,8515
48135,lo,8515
44089,dementia,8509
41980,pumpkin,8508
33541,atheism,8507
7388,arbitration,8485
20955,mere,8485
4062,gathering,8477
33419,papa,8471
35452,violent,8469
31414,civic,8469
21386,procedure,8466
35879,received,8464
9165,briefing,8464
48804,suffer,8463
4901,pocket,8449
3409,yesterday,8448
46817,knitting,8448
8932,relationship,8448
39484,warm,8445
48673,harvest,8442
20349,method,8433
295,yang,8432
29000,drama,8423
22232,troy,8419
7144,celebration,8409
10120,wheel,8408
21996,nightmare,8399
32082,ace,8395
1370,broad,8392
48480,versus,8386
24964,stream,8386
23229,stupidity,8386
45674,lecture,8383
30629,frugal,8383
49611,glossary,8378
26791,bearded,8377
13180,stocks,8373
350,romantic,8365
29738,che,8362
20612,ladies,8359
47595,worker,8358
2940,concept,8354
22366,hatch,8353
27090,dame,8352
33664,owl,8351
1326,importance,8347
17017,hacking,8342
5116,sterling,8342
33461,crushed,8339
35768,internal,8338
34298,earn,8337
37467,heller,8332
21789,swan,8330
41579,insane,8326
2314,comparison,8324
6284,attic,8323
18964,keystone,8316
33609,skippy,8312
3702,delusion,8309
41955,ruling,8307
6154,brought,8305
49496,score,8304
41925,equal,8299
1770,constant,8285
18215,pushing,8273
43569,tolerance,8269
19526,promotion,8267
31764,brave,8266
24888,personality,8265
19283,treat,8263
46953,circus,8263
22339,incompetence,8262
32568,remains,8261
7456,burr,8260
7688,wow,8258
45024,sent,8244
12091,reputation,8243
820,boom,8242
34482,landmark,8237
44306,swimming,8232
467,recognition,8230
21749,exposed,8220
32170,brick,8211
40075,regal,8201
48894,rove,8192
25742,outreach,8187
13827,dish,8185
42265,fixing,8181
27591,uncle,8175
45277,shield,8174
14289,squad,8174
9599,breakdown,8172
14141,guild,8144
42849,lace,8144
18225,gather,8143
3189,wrote,8140
15470,nut,8139
10021,southeast,8137
31811,setting,8127
11747,jungle,8119
2363,cine,8112
31070,potato,8108
3843,um,8106
38985,coloring,8095
5897,associate,8086
9086,vista,8086
30830,laughing,8073
21535,alive,8068
46508,animation,8065
24085,toward,8063
33611,antique,8051
17114,epilepsy,8049
29277,idiot,8044
27127,mutual,8041
12170,publicity,8041
10609,prairie,8036
21491,pond,8034
5462,appointment,8030
845,treaty,8030
30819,grade,8025
4888,cal,8021
11714,boxing,8019
20280,deflation,8018
41405,lock,8017
20217,tap,8014
42737,pilot,8014
6139,lamb,8013
27267,blossom,8008
46133,fry,8006
34001,interpretation,8006
9418,drawing,8006
44546,debacle,8005
13658,narrative,8002
8559,swiss,7999
47542,vera,7998
6987,distribution,7996
29471,advantage,7994
33786,te,7992
2234,bicycle,7992
11427,ethical,7978
48731,sis,7972
6015,daze,7970
19121,estado,7968
17301,aurora,7968
45343,precious,7967
3792,crunch,7966
38773,tribal,7963
29340,priest,7960
7726,clinical,7959
18567,librarian,7957
24027,wet,7949
5595,burton,7946
42992,harmony,7945
31972,shed,7923
22945,twist,7923
10946,arthritis,7921
39538,politico,7919
10614,straw,7919
42845,sanity,7913
34443,cabin,7911
5012,highest,7909
30725,ridge,7908
18070,tracker,7907
32823,thatcher,7899
38644,blonde,7898
6119,jump,7891
40259,recruiting,7891
43989,portman,7890
13566,nights,7889
18230,jam,7889
2480,dressing,7888
4647,sunset,7885
29843,detective,7880
38487,draw,7879
8301,bench,7876
20800,doc,7874
34728,guard,7874
17626,exploring,7870
6609,doll,7868
36146,enjoy,7864
24562,commissioner,7863
14960,jasper,7856
27510,valentine,7854
307,paco,7854
26224,elle,7851
33932,bureaucracy,7851
48985,watt,7850
31651,dealing,7850
13675,taken,7847
48111,watcher,7846
28601,porter,7846
36402,spirituality,7843
11649,curve,7839
45700,pirate,7836
389,whatever,7836
22199,appearance,7836
27659,menu,7822
46351,luna,7815
28034,commodity,7814
37735,veterinarian,7814
14483,entire,7809
24572,elsewhere,7805
5409,example,7805
11168,cyrus,7804
45010,fusion,7804
40669,upwards,7803
42373,tanner,7801
995,outrage,7799
26679,compliance,7799
23316,luxury,7792
25622,discover,7791
48296,calculated,7786
9267,wee,7786
2639,percent,7777
39563,nearly,7776
7492,added,7774
27105,restraint,7772
29318,error,7771
22625,rough,7771
33309,extended,7765
40825,blow,7762
42087,purebred,7761
13414,taxi,7758
24909,advisor,7758
16787,poster,7748
34546,uncovered,7748
5554,eagle,7747
26071,mob,7746
49519,battery,7744
11507,goddess,7736
17720,principal,7736
9522,venture,7728
41458,cantor,7727
15241,coup,7717
2572,shame,7714
37043,lobby,7714
36382,eternity,7709
38357,zimbabwe,7707
26021,betting,7706
18609,sexy,7704
3732,exile,7701
4856,medium,7698
11961,stimulus,7692
20491,slater,7692
8642,tate,7692
12686,powerful,7685
22212,opera,7683
17131,negotiation,7674
33965,prosperity,7671
38627,filter,7669
2516,teenage,7669
22390,frozen,7667
4615,bone,7662
37802,soap,7660
19372,elderly,7660
23366,grief,7660
39607,speaker,7659
5244,triple,7658
6211,expanding,7653
48854,happen,7652
27377,felony,7645
13046,hammer,7643
24168,chad,7640
6262,device,7636
48001,cricket,7630
6142,downtown,7630
24129,refresh,7629
40706,ideal,7629
45573,cooling,7628
40007,shall,7628
17080,pioneer,7625
17136,donation,7624
9529,deer,7622
1158,euthanasia,7617
10969,poop,7608
43606,unity,7602
18469,institutional,7599
33765,attitude,7594
15010,addiction,7589
28103,alley,7584
42441,palace,7582
3446,ship,7582
30004,printing,7575
45717,delicious,7571
30943,rage,7569
52,eared,7559
32351,libel,7556
37976,ley,7555
41176,pillow,7555
12305,patrol,7549
85,crusader,7547
4316,bowls,7542
2294,redwood,7541
20967,carpenter,7536
23943,obituary,7530
30956,dentistry,7529
48242,overseas,7526
15988,emcee,7522
25358,confidence,7522
10369,tennis,7518
7258,fist,7514
41687,investigative,7513
38551,telling,7511
36760,python,7511
987,impeachment,7510
10072,entitlement,7502
44826,mansion,7498
36340,salary,7498
12520,addict,7497
6698,northwest,7495
36829,posting,7493
12393,sunrise,7486
25179,useless,7486
6179,ivy,7485
29466,mae,7480
32746,petite,7474
15694,savvy,7470
9575,jacket,7464
44253,acupuncture,7461
48492,integration,7451
945,riverside,7448
9486,quite,7439
22144,arc,7438
37602,listening,7434
45727,marble,7432
29290,dee,7430
32484,bolivia,7429
24871,shark,7428
3194,twenty,7428
26109,legend,7426
4385,timing,7424
33984,reveal,7424
18868,seeking,7423
14303,homemade,7423
31731,glitter,7422
26194,cognitive,7422
48424,privilege,7420
37466,cosmos,7418
7186,bonus,7418
39245,waving,7402
13305,shipping,7390
30969,retreat,7390
1754,reflection,7389
27351,compass,7385
6974,baron,7385
36777,pine,7381
42491,completely,7379
5636,brett,7379
13052,hockey,7376
26184,wi,7374
26232,greed,7367
18410,surviving,7363
5925,si,7362
25797,dialogue,7362
8364,drone,7356
1185,examining,7353
35011,row,7351
47436,sa,7349
35898,rubbish,7349
39519,plane,7344
39206,worry,7340
26377,character,7339
30567,prescription,7336
15323,converter,7331
45979,disorder,7330
47033,trey,7327
9890,waxman,7324
29547,tenet,7323
3851,fuller,7320
10382,pork,7318
10442,gross,7317
17124,template,7317
4600,atomic,7311
25096,cage,7309
6749,gossip,7307
42820,integrity,7304
1900,smooth,7304
40448,aba,7301
29016,glory,7299
46628,inheritance,7297
28573,mighty,7291
10031,horn,7289
37086,forgotten,7289
30176,pornography,7289
17759,deb,7286
31873,begin,7285
6151,flip,7282
22872,massacre,7282
5979,fate,7275
11819,pup,7269
6664,controversy,7267
35485,sherlock,7266
28033,remembrance,7264
16383,panic,7262
22884,gambling,7262
4414,coyote,7262
33460,trillion,7261
47494,easily,7261
19558,hacked,7260
29036,cape,7260
32585,mosque,7259
36627,prosecution,7257
153,drought,7256
44304,beta,7256
14053,curry,7252
44101,wireless,7251
20522,funeral,7248
38913,rabies,7243
24912,disclose,7233
12743,hardware,7225
35066,specific,7224
41082,classroom,7221
5916,stockman,7202
27935,leopard,7201
29891,doe,7201
38388,trinity,7198
15868,swing,7197
25541,salvation,7192
1080,proper,7190
17534,kiss,7187
35298,voluntary,7181
26594,damn,7177
23777,courage,7176
30681,inspiring,7175
23750,graphics,7173
11536,anarchy,7166
31324,taxing,7164
10730,crooked,7163
36708,basketball,7161
43641,timber,7152
30225,stopped,7151
1026,luck,7150
27604,buttons,7150
44680,hippo,7146
36398,consent,7145
6605,astute,7143
16203,floral,7141
39661,crochet,7139
1464,discovered,7133
25079,civilization,7130
44539,pew,7126
8722,punk,7124
26572,mash,7122
2362,carry,7120
45606,shoe,7114
42549,correct,7114
45079,keynote,7111
40966,barefoot,7108
40016,echo,7107
27110,improving,7106
47504,bathroom,7103
35733,chips,7090
41353,gastric,7085
2229,sovereign,7085
4054,tsunami,7083
18170,carr,7082
46317,mud,7081
18700,collaboration,7075
27197,bass,7074
47600,scooter,7073
28023,steady,7069
6472,shift,7066
45235,adopt,7065
17931,unless,7061
21667,polar,7059
41879,snap,7050
19416,destroy,7042
5664,sixty,7037
37168,cycling,7033
17077,calm,7030
25278,massive,7030
31986,maverick,7029
40526,sur,7025
16954,warfare,7020
45241,nasty,7018
1688,hey,7013
34659,certified,7013
33028,pound,7012
34421,repair,7009
29707,hybrid,7006
37851,prophet,7004
985,hut,7002
39926,discipline,7002
21589,acting,7001
46123,levy,6998
25643,catching,6992
33476,champagne,6990
43244,remain,6989
27119,colonel,6988
41801,cathedral,6987
4192,thrift,6982
26364,shameless,6979
415,dove,6979
23121,scope,6978
21046,anatomy,6973
27985,nourishing,6965
6622,maintenance,6961
44356,squirrel,6959
30441,position,6957
41138,corporal,6956
28694,ending,6953
7283,edit,6952
37698,thrifty,6952
42400,deadly,6952
49483,occupational,6945
22080,virus,6945
3665,blunt,6939
5571,abu,6938
48917,artistic,6938
14891,ivory,6936
47942,stitch,6936
35303,toast,6934
3850,load,6933
42895,efficiency,6929
13588,pact,6929
25852,dam,6928
12570,nursery,6926
17514,fundamental,6922
43326,dissent,6918
13424,riley,6916
41064,corgi,6909
24065,cattle,6908
15482,phase,6908
23174,visiting,6907
29685,allow,6904
36594,playmate,6901
22813,broke,6899
5100,hosting,6895
7333,basket,6887
47172,burn,6880
23055,disobedience,6878
18990,medieval,6878
9353,pistachio,6875
26802,digs,6874
15877,swap,6874
41346,distance,6873
3951,saw,6872
29259,ashes,6865
40182,overweight,6864
25699,defamation,6862
19318,quarterly,6862
34838,jade,6860
14039,dying,6851
19011,breeding,6850
1173,possibly,6849
21338,doom,6845
35124,revealed,6841
23685,blackberry,6841
7983,exhibition,6840
46324,refund,6840
18610,grumpy,6839
29888,apply,6838
37396,smoke,6837
17055,acquisition,6834
6811,delta,6831
309,painter,6831
17325,subscription,6830
27061,highway,6828
49138,headline,6828
3451,posse,6828
34207,laid,6825
31424,trivia,6822
18712,cloth,6822
23333,drake,6821
32146,spend,6818
1632,granny,6818
15850,attempt,6815
24859,electricity,6808
9891,bow,6804
11300,prostitution,6801
27152,zombie,6796
29710,dizzy,6796
18004,milo,6794
4867,criticism,6790
32458,seek,6790
22375,filing,6789
40319,jar,6786
43816,passing,6785
47100,praise,6782
42748,extraordinary,6781
32062,goodman,6778
30025,platinum,6777
27684,informed,6775
9587,ranked,6774
3038,beware,6774
31363,buck,6769
18459,iceland,6768
38472,sultan,6767
642,vanity,6766
44075,frequently,6763
6779,obscurity,6760
6413,sofa,6760
41305,spa,6758
29592,witness,6758
21831,failing,6755
40197,arrogance,6753
851,premiere,6750
15063,ferret,6744
34363,grandma,6744
7898,laugh,6738
43305,sought,6734
37104,unlikely,6733
44402,roof,6732
15517,prisoner,6729
16385,punch,6725
48725,landscape,6718
36656,reduced,6717
6702,zebra,6716
40488,syndicate,6714
24545,slide,6713
43320,bakery,6713
12388,tenth,6710
34952,poodle,6707
4621,shower,6706
29054,usage,6704
34625,dysplasia,6702
46368,habitat,6693
31222,schnauzer,6688
23484,pull,6684
45012,iris,6682
16167,encyclopedia,6681
21675,satellite,6678
38288,glasses,6675
22580,judgment,6672
6591,easier,6672
28503,pug,6670
2722,caucus,6670
12661,showcase,6667
17471,expansion,6666
37782,salmonella,6657
24925,hospice,6654
4107,provide,6652
32653,majority,6651
34662,remote,6650
8311,assistant,6649
9330,bid,6646
14876,berger,6643
16312,juice,6640
21332,searching,6639
8435,successful,6636
12703,dodge,6635
4324,anterior,6634
1119,boat,6633
40529,relocation,6631
47901,puzzle,6630
27598,soda,6626
40690,mount,6623
13232,grid,6623
42842,yarn,6621
36615,farming,6618
35505,rap,6617
29327,garland,6617
16678,pod,6615
43721,jess,6611
7080,homelessness,6610
25104,outlook,6610
13508,polish,6605
47067,solidarity,6605
27537,primer,6603
40564,hen,6602
48777,wardrobe,6601
25692,metropolitan,6601
5348,renegade,6601
46668,arena,6600
31803,founding,6598
47883,linked,6596
8150,chevron,6590
9618,crossing,6584
14992,volume,6579
23247,beard,6577
44913,shanna,6575
38258,reg,6575
11821,ill,6569
23574,fossil,6567
21427,collie,6567
17281,gains,6565
10341,scum,6559
4246,tapper,6554
46622,took,6553
35284,skirt,6550
19224,dilemma,6545
8414,crush,6544
4474,panama,6544
46556,sandwich,6541
16932,nude,6532
44776,baroness,6532
17364,riot,6530
14487,abstract,6529
32832,imperial,6529
19259,prevent,6522
34768,lonely,6510
36691,pastor,6508
11510,pledge,6506
49054,ophthalmology,6501
43787,clive,6496
19944,scrap,6494
4881,lori,6493
23177,schneider,6493
25049,ceiling,6492
33563,explosion,6486
3449,sit,6483
19434,dachshund,6482
41078,parody,6477
37781,bungalow,6472
22421,soapbox,6471
46445,excellence,6463
5618,denial,6460
36478,theology,6457
10275,handbook,6456
28395,mobility,6455
19230,laden,6454
1299,meditation,6451
36570,hanging,6449
49190,ethnic,6446
31252,betrayal,6446
14120,collapse,6446
22689,customs,6443
40782,sentinel,6441
42689,recap,6441
26635,bride,6439
23696,blowing,6437
10562,sponsorship,6435
2700,ai,6434
2716,riding,6430
36606,odd,6426
43187,monarchy,6422
49032,gilbert,6420
19563,mist,6420
63,dispatch,6420
6384,oval,6419
45198,belly,6419
2767,viking,6418
180,label,6418
2284,registry,6417
41882,walt,6416
43821,somewhere,6415
6035,patel,6414
32510,sculpture,6414
20782,wharf,6413
22312,shabby,6406
6590,itching,6406
41275,hypothyroidism,6405
43505,beef,6400
20325,experiment,6395
32461,ribbon,6393
2323,fi,6393
26913,silk,6391
48436,worked,6389
28751,poet,6387
46801,vertigo,6386
48792,sleeping,6384
22936,masa,6379
15394,damages,6378
45819,installation,6377
12861,moody,6377
6469,assets,6372
10949,develop,6367
40193,mag,6366
14190,extension,6362
40609,rolled,6361
40697,sexology,6357
5591,embroidery,6355
39090,acton,6354
5724,fin,6354
24145,crane,6352
39599,pedestrian,6351
4501,surface,6349
29313,pray,6346
22194,absolutely,6341
47168,twin,6339
4269,hazel,6337
41363,jeans,6333
24937,supporting,6328
46992,rat,6327
29048,context,6326
25893,shine,6325
38653,geography,6321
25971,fallacy,6320
28771,realm,6314
34199,distemper,6312
27649,shah,6306
24165,leptospirosis,6305
15209,toddler,6301
32350,occupation,6300
28298,ga,6299
29265,definitive,6293
12391,scarlet,6291
6582,mealtime,6286
1568,leg,6283
30576,annoying,6280
36474,sorry,6277
47979,bloat,6273
22281,haul,6270
41340,stern,6265
34191,accused,6263
31774,singh,6261
47368,atelier,6259
13144,thousand,6254
9596,stamp,6253
31188,ate,6247
40864,tyranny,6247
43575,hullabaloo,6242
25906,peer,6239
38383,cripple,6238
29898,gen,6233
33369,sauce,6233
28287,tribunal,6231
41401,vestibular,6230
24479,hatred,6227
44778,willow,6222
27496,stitcher,6221
2876,chester,6216
32651,liquid,6214
24437,pear,6213
23212,cave,6208
40063,festive,6208
26784,singing,6207
19747,stuck,6207
16529,mum,6204
27441,warrant,6199
40945,tango,6199
81,lavender,6198
7663,ruptured,6195
25450,infinite,6192
16459,tried,6191
40255,portrait,6187
23561,tara,6185
4328,idiocy,6181
5715,feast,6181
30568,raised,6169
10547,shut,6168
32468,actual,6165
38465,allan,6165
25877,batman,6165
17915,brains,6160
2029,nicky,6155
20750,bigotry,6155
49243,fog,6146
32809,cowboy,6144
821,charm,6142
25508,grouchy,6137
38312,cruise,6137
12226,beacon,6136
31535,anchoress,6134
29829,often,6132
34505,maxwell,6126
22266,bigger,6120
48448,mood,6119
33271,cruciate,6116
2431,infringement,6116
195,boiling,6115
6367,uncertainty,6114
18246,sheriff,6112
20529,thankful,6102
36020,ligament,6100
39585,galaxy,6099
37193,negative,6098
41714,flake,6095
35443,involvement,6095
38412,actor,6091
20904,depot,6088
14109,dell,6086
9180,homeland,6086
3780,chasing,6083
32852,madam,6079
42406,tables,6075
1712,outdoors,6068
21406,upper,6066
31554,scale,6066
1163,chapel,6065
8616,favor,6064
25611,housewife,6064
15037,burt,6062
1378,driven,6061
2646,despite,6060
42957,gal,6059
12180,sovereignty,6059
41049,surge,6058
6383,skinny,6058
37247,finished,6057
30628,till,6057
4494,saloon,6053
19495,proofing,6051
49166,sake,6049
16224,akin,6046
19486,ecology,6046
45704,dairy,6044
43268,postal,6040
45801,paranoia,6038
44743,mature,6037
47226,patella,6037
32661,persecution,6036
41359,frist,6036
2507,miscellany,6035
26392,testimony,6034
42483,ledger,6034
48495,rumor,6032
24353,transform,6032
4648,becker,6032
32122,lite,6030
6462,shouting,6029
9805,quinoa,6023
24921,hillbilly,6021
8459,frontier,6018
1730,maternity,6012
23064,spicer,6012
694,hire,6009
8811,dyke,6008
9571,julio,6007
10106,clash,6006
31439,vine,6005
25270,vie,6003
20046,jurisdiction,6002
26394,lest,6000
40537,nuke,6000
10889,glen,5998
22636,recording,5998
45724,peek,5994
5840,wearing,5993
42657,brew,5992
22631,dolly,5989
16092,leaving,5985
19764,solve,5985
26409,scientist,5984
29579,reflex,5984
37752,grain,5982
41313,cuisine,5982
4434,additional,5981
19396,canal,5979
18762,hawk,5978
39253,bluebird,5976
29360,bitter,5975
31995,ambulance,5967
41245,glorious,5963
34148,garbage,5963
40619,excuse,5963
25148,intimidation,5963
3131,imprime,5960
7057,wallpaper,5948
5182,porcelain,5948
5781,unitary,5947
37639,limit,5946
5765,peg,5946
36389,confidential,5942
34811,redux,5940
41545,coop,5935
15654,consumption,5935
16377,sink,5933
46923,choir,5931
41783,cruelty,5930
22686,ham,5927
27373,scissors,5925
33333,wit,5922
44335,bulldog,5920
47026,stranger,5919
13074,bleeding,5913
16260,dirt,5912
10046,canyon,5909
41618,wellington,5907
48791,consortium,5906
40419,knighthood,5906
32147,showing,5905
2278,airedale,5905
25027,breach,5903
23959,cardigan,5901
36528,hayward,5898
32130,switch,5897
37777,sum,5896
20450,tanger,5894
19397,shunt,5892
31590,pan,5891
4710,mon,5890
36235,needle,5889
11088,junction,5889
2854,appraisal,5887
42815,bucket,5887
15586,affair,5886
24645,dreamer,5885
17459,mice,5883
22847,hanna,5881
1847,screaming,5875
11925,lance,5875
37400,walsh,5871
47147,unlimited,5870
29286,cupcake,5860
6108,revival,5859
24858,inn,5857
9101,stealth,5855
29846,agree,5855
27735,paw,5850
15739,hookworm,5849
4922,stumble,5848
21703,employed,5843
18702,brownback,5842
667,doggy,5838
20486,inauguration,5836
22007,able,5830
28174,clapper,5827
116,crier,5826
41838,sexuality,5825
48308,caution,5820
21717,pair,5819
33958,everybody,5819
15574,sold,5817
38133,raven,5813
42281,dilation,5813
44981,carrier,5813
11489,jet,5813
32406,slave,5811
33718,mostly,5803
13207,psychological,5796
23548,stroke,5795
35522,mao,5793
5159,boomer,5793
47295,leaf,5791
44168,clever,5791
28394,torsion,5788
3152,recount,5782
37431,chalk,5781
2061,plaid,5777
12845,automatic,5776
46584,norm,5775
31269,ne,5770
49533,strength,5769
19214,generator,5767
46922,fletcher,5764
1201,bastard,5760
4869,dynamic,5755
21582,scholarship,5754
43990,volvulus,5754
24512,aesthetics,5753
1984,burden,5750
14201,deluxe,5750
25712,anthrax,5748
10486,harbor,5740
25115,barton,5738
44138,banner,5728
45417,posh,5727
11988,bake,5726
17105,quid,5721
44499,groovy,5718
33594,hive,5712
44353,poison,5711
15743,incident,5708
4425,deaf,5702
29785,joey,5695
35326,ar,5695
28439,zac,5694
42954,sampler,5692
2265,detention,5691
26031,corker,5689
16438,turned,5687
33724,noel,5687
26437,tide,5687
10884,blueprint,5686
35594,adobe,5681
18966,boycott,5680
1841,ratio,5678
20982,tomato,5677
42204,mistake,5675
4808,trek,5674
42772,crowd,5673
37939,saunders,5671
19345,weld,5663
21269,pyramid,5661
28431,nomination,5659
46454,constantly,5658
27257,coconut,5658
7153,clearing,5655
47105,tin,5649
15917,shutdown,5647
10407,miniature,5646
43862,solid,5643
28931,renovation,5643
2189,curse,5641
11711,greenhouse,5641
20479,sissy,5641
38704,consensus,5641
6265,competitive,5640
12331,dominion,5640
837,marry,5639
11405,excess,5639
38513,cruel,5636
10354,bitch,5636
2563,idol,5631
4344,cam,5624
31543,woolsey,5621
49468,planner,5618
17349,loud,5616
31664,protectionism,5616
19120,collected,5612
30909,medication,5608
26753,procurement,5607
10560,buster,5602
34431,operating,5600
34558,kyl,5599
34324,enemy,5598
8796,speculation,5597
7210,architectural,5596
23753,utopia,5593
26962,sheen,5589
43799,deception,5586
35911,lotus,5583
22819,boss,5583
49604,harper,5582
24439,copper,5581
36052,prohibition,5574
19215,degree,5571
9254,spider,5571
30177,elegant,5570
42012,suppress,5569
8832,transit,5565
38292,rebellion,5565
22951,oracle,5564
376,desperate,5564
4415,discourse,5562
10681,entrepreneur,5561
36378,closer,5559
16925,shorts,5558
46095,clip,5555
1517,cry,5555
7454,bent,5549
42996,coaching,5546
24804,associated,5543
31482,scratching,5542
46797,patchwork,5542
8866,dire,5536
49044,clause,5536
15528,earl,5536
7812,thriving,5536
48411,wondering,5530
19332,lodge,5530
40286,afraid,5525
1219,audience,5524
39054,ensign,5523
14288,aircraft,5522
27299,furry,5521
16339,het,5520
25456,bookseller,5516
27972,keen,5511
43114,replace,5507
21084,funky,5507
12811,accuracy,5507
13844,rufus,5506
19262,tibet,5503
36612,maple,5501
26373,kiwi,5501
30326,prospect,5500
8444,jeep,5498
532,pursuit,5497
44093,eats,5492
10242,prep,5491
45570,infidel,5490
25045,gospel,5489
32784,villainous,5488
30835,magical,5482
45292,decoration,5481
26899,rosemary,5478
30082,vitamin,5472
41179,gabbard,5470
16594,incorrect,5468
19550,relevant,5468
26793,payday,5468
21936,filling,5466
29978,shaw,5466
5040,couch,5465
819,slightly,5464
17480,nowhere,5464
4564,sawyer,5464
40978,kitten,5462
46075,contraception,5459
28306,citizenship,5453
46028,swim,5452
12377,banker,5450
16606,prefer,5450
48379,liberalism,5449
9197,stack,5445
4688,mal,5443
43762,sponsor,5441
2388,spicy,5429
32031,artificial,5426
25294,liar,5425
45032,archaeology,5424
12799,tulsi,5422
4653,biz,5421
925,absence,5411
9830,offensive,5410
29554,suck,5410
47662,hysteria,5410
30299,unfair,5406
41016,pregnant,5400
8487,forty,5398
22602,authentic,5394
10653,eclipse,5393
47,accessibility,5392
15101,derby,5391
42156,default,5391
31888,seal,5388
28680,dancer,5383
19743,entity,5380
46901,tourist,5380
26858,laboratory,5374
34143,scout,5373
10939,scrapbook,5372
4059,flores,5370
41085,warehouse,5370
6513,condominium,5369
31492,chilling,5368
29253,fantastic,5367
44207,visa,5365
41386,retention,5364
26170,optimism,5363
28647,worship,5361
28779,dynasty,5360
22209,mildly,5356
687,cope,5355
32782,vegetarian,5353
31345,export,5352
71,howling,5350
48610,apology,5347
3981,tan,5344
47460,period,5342
25472,whittle,5340
44305,toxic,5339
39252,torch,5339
10462,farmhouse,5336
45814,geneva,5336
40387,erika,5336
41538,bully,5335
25499,dissident,5333
7944,cardin,5333
37419,yummy,5332
24745,gym,5330
44251,twilight,5325
46818,immunity,5325
29825,knew,5323
2633,substance,5321
16752,vogue,5319
28512,malik,5318
23367,snake,5318
35158,tablet,5316
4108,explore,5316
34934,grateful,5314
7248,hundred,5311
5264,gill,5310
45757,affiliate,5309
1056,reins,5308
2432,raid,5305
9945,barlow,5295
20930,binary,5295
47878,unlawful,5289
7966,flamingo,5284
31471,truly,5282
29500,broadway,5282
16382,humanist,5281
22280,heel,5281
48151,alto,5281
20307,antarctica,5279
35147,bae,5278
12952,objective,5277
42158,empowerment,5275
48789,viral,5275
14194,intolerance,5271
19285,pad,5269
49075,suspect,5268
25263,offshore,5268
29730,clarity,5267
17039,mummy,5265
14345,silva,5260
33356,fault,5258
11243,antitrust,5258
40807,sword,5256
39747,acceptance,5256
41478,hacker,5256
19508,policeman,5250
25494,chapman,5249
36247,declare,5244
34882,duff,5234
47425,badger,5231
20994,arm,5230
8367,forecasting,5229
20557,nat,5228
47771,ami,5226
27188,goldsmith,5226
32554,storytelling,5225
28191,chi,5224
37483,modest,5224
5642,detailed,5223
21896,nexus,5223
34239,sassy,5220
30665,mack,5219
31051,curriculum,5219
47930,trader,5216
2841,jaguar,5215
38676,hummer,5214
17453,reluctant,5214
34519,drunk,5213
44838,chairman,5213
35212,fern,5211
11455,camilla,5211
17117,mile,5208
324,behavioral,5208
46374,lemonade,5207
35803,benny,5207
7414,sparks,5202
11540,leash,5202
11575,accent,5200
2771,dexter,5198
937,entrepreneurship,5197
12364,wang,5195
7106,lamp,5193
4202,weapon,5193
778,chateau,5193
28195,diplomacy,5193
18604,tongued,5192
14919,probate,5191
26644,publisher,5191
12907,sans,5191
30591,tall,5190
24853,goose,5189
43696,wrap,5188
8009,litter,5187
38423,burgess,5181
42301,sage,5178
29654,chronic,5177
41794,balloon,5175
15849,seraphic,5173
12961,tops,5173
44008,collaborative,5165
17657,rouge,5162
11996,artifice,5157
25272,suite,5156
19580,temperature,5155
5806,bet,5154
33305,reaction,5154
26703,awakening,5153
13961,stark,5150
44844,bender,5148
30316,retiring,5147
49513,sequitur,5147
22102,prejudice,5145
41496,beagle,5145
30669,throw,5144
7880,gourmet,5142
44213,runner,5141
8872,drain,5134
20243,min,5133
11505,marshal,5129
26311,sergeant,5129
37013,sixteen,5129
43828,bing,5129
2838,chili,5127
7379,ha,5127
31677,agricultural,5125
5892,cripes,5119
47257,ran,5118
45101,witney,5117
37003,smell,5114
36304,lea,5111
31283,yon,5108
13084,evangelical,5108
13851,mathematics,5107
27547,freeway,5106
4598,grocery,5104
40482,perfectly,5104
5406,kaiser,5102
34242,solstice,5101
27394,debut,5101
39072,flew,5100
45031,observation,5099
17832,route,5093
5677,ferry,5089
29765,bourgeois,5084
15767,aboard,5083
43060,coin,5083
16510,necklace,5080
15955,panorama,5079
8711,slaughter,5078
28201,subway,5078
6094,wiener,5077
4593,finger,5074
10677,prior,5074
7649,bullet,5074
4903,wheat,5074
28560,felt,5073
23015,whites,5072
32052,th,5070
9471,abandoned,5069
39091,li,5069
33401,cardinal,5067
11581,split,5065
13129,negro,5064
21375,salute,5062
1098,mysterious,5058
11005,unusual,5057
26124,lambert,5057
23307,obvious,5054
26878,argumentative,5054
15668,florence,5054
46720,hay,5053
23625,trainer,5051
25828,violet,5046
47997,tipping,5046
5890,principle,5045
43510,guerrilla,5042
32190,sight,5041
5661,stopping,5040
9469,hardy,5038
20329,yorker,5038
24226,tooth,5036
21846,mustard,5036
7689,raft,5035
33073,throwing,5034
16699,gardener,5034
17417,darkness,5034
37949,enjoying,5033
24801,blend,5032
26316,ho,5029
16152,gadget,5026
6585,communist,5024
24547,nurse,5019
30683,whose,5019
20784,indigenous,5018
17247,podesta,5018
33763,binge,5016
26820,tongue,5014
21119,partisan,5013
5363,multilingual,5012
23849,unleashed,5008
10213,orchestra,5007
31308,species,5007
21901,trio,5007
37595,diesel,5006
11774,regular,5005
45915,plum,5004
32202,sing,5004
38875,reasonable,5003
16443,barrel,5000
