coef,words
0.1278439313173294,count
-0.09265240281820297,account
0.20997926592826843,tan
-0.04279853776097298,ant
-0.31492602825164795,law
-0.032226115465164185,ons
0.03354453295469284,sol
0.024899614974856377,ting
-0.7706950902938843,accountant
-0.20139527320861816,accountancy
-0.05178143084049225,soli
-0.14618611335754395,solicit
0.12014807760715485,licit
-0.14408692717552185,solicitor
0.012189517728984356,counting
0.28996941447257996,accounting
0.08996511250734329,ice
-0.09371719509363174,ion
0.11067359149456024,son
0.1553623229265213,leg
-0.03420429304242134,gal
0.08933216333389282,tax
0.2091364860534668,con
0.0876481756567955,legal
0.10247459262609482,vice
0.15404872596263885,ate
-0.07070468366146088,ser
-0.2006993144750595,ton
0.33112770318984985,service
0.011812034994363785,consul
0.12642505764961243,consult
-0.3260478675365448,ill
-0.03808910772204399,ess
0.3542560040950775,art
0.20554153621196747,ell
0.13073047995567322,lan
-0.2574690878391266,nan
0.302423894405365,ass
-0.19583411514759064,sac
0.13014686107635498,man
-0.08195119351148605,boo
0.013607153668999672,book
0.021304113790392876,net
-0.01219115313142538,cha
-0.14737898111343384,fin
-0.031621262431144714,sin
-0.5141981840133667,ley
0.05196620896458626,lut
0.11970286816358566,ates
0.1467505544424057,keep
-0.02917429618537426,ort
-0.08753500133752823,ran
0.24317903816699982,lin
0.20029041171073914,consulting
-0.07060889154672623,soc
-0.21625487506389618,ona
0.2558525502681732,ness
-0.07567101716995239,par
-0.3724520206451416,ber
0.09207745641469955,pin
-0.13621412217617035,ted
-0.07374153286218643,associate
-0.2723829746246338,solution
0.17153123021125793,bus
0.12560352683067322,sha
0.33894795179367065,keeping
-0.15297354757785797,ping
-0.13980993628501892,shi
0.39401111006736755,ham
0.004955952055752277,han
0.22380699217319489,land
0.24660110473632812,per
0.06324539333581924,men
-0.026161156594753265,busine
-0.014676317572593689,business
-0.08612269163131714,sine
-0.18298260867595673,lim
-0.5892312526702881,bookkeeping
-0.06874193251132965,pro
-0.19865581393241882,mar
0.32734477519989014,imi
0.09561114013195038,tra
-0.11536531895399094,lac
-0.3941938877105713,ark
-0.7167759537696838,limit
-0.15492837131023407,limited
0.22602562606334686,ford
0.5706563591957092,mite
-0.15998296439647675,era
-0.26943710446357727,mil
-0.33656519651412964,ens
0.08798997849225998,che
0.2484569251537323,one
-0.266883909702301,roup
-0.08684656023979187,group
0.03049362450838089,sultan
-0.19411762058734894,sla
-0.1781565546989441,kin
-0.2253984957933426,san
-0.3067190945148468,den
-0.14553098380565643,pay
-0.558817446231842,sand
0.025246845558285713,rat
0.07042454928159714,war
-0.0843082144856453,ist
0.2531939446926117,tho
-0.08565431833267212,mon
0.07241293787956238,row
0.09622883051633835,ana
0.26461029052734375,ale
0.18142244219779968,part
-0.018016185611486435,age
-0.15531794726848602,bar
-0.15926003456115723,char
0.2913511097431183,rit
-0.08899874240159988,rid
-0.15322166681289673,gra
0.5471208691596985,slaw
-0.291592001914978,partner
-0.005573537200689316,ire
0.06214142218232155,ree
0.05047252029180527,car
-0.14519590139389038,lar
-0.49316757917404175,eld
-0.6316821575164795,urn
-0.22993704676628113,pen
0.08263414353132248,ala
0.20812566578388214,fie
-0.13850177824497223,ave
0.22670213878154755,ust
0.06842923164367676,bra
0.1390455812215805,err
0.11364640295505524,sma
-0.281303733587265,sons
-0.2676953077316284,ean
-0.1251450777053833,hill
0.0986156165599823,woo
-0.08647962659597397,lai
0.035336934030056,field
-0.3619508147239685,iso
0.23861905932426453,bal
-0.05293264240026474,ear
0.10638823360204697,ami
-0.16093122959136963,aim
-0.017769167199730873,mac
-0.2858660817146301,ade
-0.6563923358917236,financial
-0.1533942073583603,ope
-0.2939063310623169,old
-0.03175431489944458,vis
0.15748831629753113,wood
0.14022883772850037,tha
0.11320453882217407,bur
-0.263687402009964,roll
-0.19024209678173065,end
-0.017276741564273834,lea
-0.36226311326026917,rand
-0.222458615899086,gan
-0.32538145780563354,lis
0.07485082745552063,alt
-0.05141948163509369,col
0.12048801779747009,ara
-0.24486638605594635,well
0.5213613510131836,haw
0.3007768988609314,mor
0.028064178302884102,ame
0.028252914547920227,las
-0.06456747651100159,erg
0.4743650257587433,ridge
-0.16461911797523499,anda
-0.07891146093606949,act
-0.10298389196395874,payroll
-0.19889020919799805,rad
0.01824185624718666,consultant
-0.06822341680526733,tar
0.12121231108903885,hen
0.5415357351303101,owe
-0.05875294655561447,eme
-0.026780450716614723,ash
0.09350474178791046,tri
0.18048565089702606,mat
-0.6286214590072632,ugh
-0.10413695871829987,air
-0.11389674246311188,ake
-0.10759447515010834,cos
0.4392909109592438,yer
-0.021633243188261986,rea
-0.08990295976400375,rob
0.051183149218559265,amil
0.024419542402029037,ann
-0.3329728841781616,king
0.10765381902456284,red
-0.14722272753715515,hip
0.46574124693870544,gat
-0.16719463467597961,tur
-0.32710692286491394,ull
0.15631510317325592,arc
0.1198984682559967,ore
0.26913151144981384,eve
-0.018536554649472237,hin
0.028975483030080795,eta
-0.10552822798490524,claim
-0.08762092143297195,web
-0.07844362407922745,ship
-0.20925812423229218,sea
0.17299970984458923,ria
-0.17708998918533325,gol
0.025888565927743912,ide
-0.22514553368091583,aba
0.11504936963319778,ace
-0.019252518191933632,ast
-0.1808193176984787,dan
-0.030910056084394455,ora
-0.34773802757263184,tec
-0.5290095210075378,tal
0.32612502574920654,ten
0.25698283314704895,wat
-0.5339120030403137,ken
0.21581386029720306,ban
-0.04613247886300087,ure
-0.8682695627212524,avid
-0.058306582272052765,win
0.17821136116981506,pan
-0.15425507724285126,yan
0.4255673587322235,alco
0.4257003962993622,nit
0.057594019919633865,lark
0.05012690648436546,chi
-0.5103278756141663,global
-0.3832516670227051,mal
0.11639311164617538,sal
-0.16131938993930817,cor
0.04595399275422096,gold
-0.11134438961744308,finance
0.07151754200458527,lobal
0.369160920381546,lob
-0.29971927404403687,min
0.04493434727191925,cot
-0.30559706687927246,arn
0.31479594111442566,macco
0.3307618498802185,rig
0.12921665608882904,gel
-0.216872900724411,sou
0.06720434129238129,cent
0.09801142662763596,sit
-0.229049414396286,eer
-0.1817711442708969,line
0.12865889072418213,vat
0.20516405999660492,hit
0.00911017321050167,let
0.45454537868499756,mana
-0.4441353976726532,hard
0.17220963537693024,biz
-0.5639607310295105,mill
-0.024383671581745148,coo
-0.5578909516334534,family
-0.4609217047691345,awa
-0.33248013257980347,partnership
-0.4165553152561188,brow
0.38927528262138367,brown
-0.4216868579387665,ose
-0.5177687406539917,qua
-0.12910830974578857,ase
0.02361188270151615,slim
-0.09162942320108414,arm
-0.30999064445495605,clark
-0.2850605547428131,bridge
-0.05955294147133827,new
-0.3460239768028259,nag
0.11731474101543427,whit
-0.0004902438959106803,cost
-0.14304614067077637,company
-0.13511645793914795,fam
0.18823161721229553,bac
-0.09787221252918243,tic
-0.5779129266738892,media
-0.04989199712872505,tch
-0.23404976725578308,pac
-0.14693547785282135,spa
0.009395793080329895,log
-0.33469197154045105,cro
-0.03893205523490906,ock
0.1951202005147934,broo
0.173055037856102,pat
-0.09179846197366714,ere
-0.005932676140218973,wort
0.15641455352306366,ail
0.18834005296230316,hire
0.18900644779205322,gree
-0.467351496219635,ret
-0.048324842005968094,ani
0.18458054959774017,rel
-0.03250833600759506,gen
-0.2032090276479721,ration
-0.3061223328113556,gem
-0.19602008163928986,ratio
-0.011313213035464287,worth
0.13133718073368073,ink
-0.04385308921337128,way
0.043780215084552765,west
0.16562603414058685,pea
-0.016861924901604652,use
0.38843780755996704,reg
0.01323185209184885,lie
0.17926745116710663,harl
0.012558525428175926,phi
0.046272460371255875,alp
-0.523591160774231,low
-0.13441774249076843,inn
0.0825323686003685,ray
0.3420949876308441,rie
0.16551756858825684,ary
0.12016421556472778,pet
-0.05659874901175499,ring
-0.5179446935653687,ling
-0.388662725687027,ory
0.04639742895960808,imp
-0.33228713274002075,shaw
-0.12466336786746979,hall
0.22285939753055573,ben
-0.0993187204003334,van
0.22345131635665894,sis
0.21364790201187134,gar
-0.939559817314148,turn
0.09633302688598633,ach
-0.3001278340816498,rook
0.40112027525901794,dar
-0.3075554668903351,bel
-0.1789005994796753,port
0.12153046578168869,ward
-0.10845080018043518,shire
0.14555057883262634,bor
0.07610498368740082,cat
0.06510794907808304,ama
0.029858622699975967,cur
-0.24032334983348846,cal
0.07595653086900711,green
-0.16749601066112518,fra
0.2800430357456207,hand
-0.10077982395887375,manage
-0.2815858721733093,reen
-0.25066861510276794,lass
-0.04311138764023781,pert
-0.17814940214157104,north
0.28832006454467773,das
-0.29462528228759766,white
-0.011130656115710735,site
-0.015146522782742977,ger
0.06873954087495804,add
0.1492788940668106,sho
-0.27507513761520386,sour
0.22223004698753357,stone
0.01149891596287489,advice
0.05571570247411728,grat
-0.29611000418663025,dal
0.3812667727470398,chard
-0.09622335433959961,rate
-0.19561177492141724,ras
-0.2107555866241455,din
0.13373100757598877,cam
0.007338858675211668,taxation
0.3989502787590027,far
-0.3934219181537628,cap
0.7361142635345459,lam
-0.1467948853969574,roc
0.036435119807720184,rope
-0.07269006967544556,brook
-0.5877209305763245,jam
-0.05037280172109604,bat
0.35933324694633484,tone
-0.47567060589790344,pau
-0.18062910437583923,drew
-0.016580093652009964,loy
0.048997487872838974,wye
0.15242446959018707,mas
-0.01456289179623127,dha
0.33128681778907776,tech
-0.8598173260688782,och
-0.2514321804046631,lawyer
-0.053116049617528915,nat
0.41817259788513184,moo
-0.22527065873146057,trust
0.16011373698711395,lee
-0.05179843679070473,pete
0.1590462327003479,rim
-0.11844831705093384,rust
0.2596510946750641,wan
-0.438505083322525,lack
0.20783977210521698,nea
-0.44951072335243225,mig
-0.20190459489822388,rest
-0.3799801170825958,swa
0.23906728625297546,plus
0.1590425670146942,elt
0.1872936338186264,vie
-0.2755171060562134,pit
0.24041301012039185,dit
0.2131175696849823,rev
0.2681405246257782,house
-1.0012285709381104,cart
0.11038143187761307,black
0.10967148095369339,lit
0.3941003084182739,dun
0.03932389244437218,aver
0.09669273346662521,scot
-0.21762314438819885,management
-0.09901106357574463,tee
-0.1061454564332962,ploy
-0.1545564979314804,rist
-0.10315649211406708,rose
0.0934605672955513,ployment
0.06665679067373276,roper
-0.0036418004892766476,rio
-0.4515070617198944,gate
0.20827516913414001,sic
-0.32536792755126953,lay
-0.09230446070432663,trade
-0.2592577338218689,nig
-0.03622877597808838,lak
0.08968424052000046,smith
0.09892813861370087,smit
0.16617347300052643,lat
0.004366288427263498,visor
-0.49516305327415466,sil
-0.23506295680999756,tera
0.24800318479537964,nth
-0.10274689644575119,simp
0.40993639826774597,prop
0.009469379670917988,press
-0.31451913714408875,fir
-0.3550988733768463,right
0.26052993535995483,employment
0.3085011839866638,cham
0.19249358773231506,oft
0.05997508391737938,pot
0.39655372500419617,hart
0.33655837178230286,ode
0.2037072628736496,immigration
0.15804754197597504,mediation
-0.007850884459912777,advisor
0.2342047244310379,mart
-0.15185381472110748,blo
-0.32638153433799744,migration
0.19665493071079254,rich
-0.09408776462078094,immi
0.06712193787097931,employ
0.2203078716993332,mark
-0.4107576310634613,rot
0.06542184948921204,care
0.040654879063367844,head
-0.13693535327911377,wis
-0.11712608486413956,lip
0.41501542925834656,coop
0.08969202637672424,tice
0.3401567041873932,tea
-0.01442915853112936,dam
-0.03411184996366501,proper
0.25779762864112854,rober
0.18432044982910156,pad
-0.3456573486328125,park
0.028964679688215256,peter
0.03480023518204689,pate
-0.15450167655944824,set
-0.35677477717399597,sey
-0.8587526082992554,ough
0.6225199103355408,cooper
-0.444627583026886,orb
0.03899133577942848,conn
-0.7048372030258179,rita
-0.13806572556495667,ross
0.5930023193359375,dale
0.04490067437291145,obe
0.24006851017475128,sam
-0.08345752209424973,robe
0.2564135491847992,prob
-0.9281871914863586,anan
0.00415550172328949,big
0.162277489900589,dis
-0.20337705314159393,tay
0.484313428401947,tche
0.8050953149795532,allan
-0.3608968257904053,mag
-0.015219123102724552,tern
0.052465539425611496,good
0.040451083332300186,lue
0.15065531432628632,tig
-0.2964909076690674,link
0.15644122660160065,tock
0.014276568777859211,ding
0.005652270279824734,bas
0.03201238811016083,tow
0.01819320023059845,hop
-0.36733102798461914,lear
0.296160489320755,umber
0.003612661501392722,even
-0.08460342139005661,ilk
0.19665953516960144,burn
0.07521972805261612,inter
0.1757480353116989,arris
-0.3844102621078491,lace
-0.37127968668937683,bin
-0.33196669816970825,mall
0.27728480100631714,rain
0.3793483376502991,mel
0.36882781982421875,fort
0.02562571130692959,tree
0.09784179925918579,thin
-0.40803757309913635,goo
0.5158286094665527,met
0.07540164887905121,aha
-0.0352523997426033,moor
0.0791114941239357,keeper
0.23162168264389038,sup
-0.3108697533607483,practic
-0.6403293609619141,ewe
-0.07361484318971634,gent
0.1662026196718216,hunt
-0.5263003706932068,aile
-0.5360856652259827,chamber
-0.4732288718223572,quar
-0.023302249610424042,cho
-0.33222612738609314,ape
0.18208125233650208,clear
0.1893208920955658,practice
-0.07499189674854279,gin
0.5694785118103027,arles
0.4569050669670105,akin
0.20759333670139313,bee
-0.06728809326887131,enter
-0.0014225052436813712,abac
0.5235206484794617,arch
-0.7267541885375977,iter
-0.7026360034942627,assi
-0.36679860949516296,kan
0.042680881917476654,corp
-0.38704609870910645,fair
0.38796502351760864,harr
0.4325169324874878,number
0.5976231098175049,raw
0.013332629576325417,perty
0.694121241569519,yar
-0.08808958530426025,alk
0.5304637551307678,hew
-0.6333373785018921,gur
0.1699886918067932,ram
0.17495311796665192,list
-0.09770660102367401,rect
0.29930537939071655,key
-0.4877525568008423,amber
-0.10273578763008118,small
-0.2536052167415619,hod
-0.13553880155086517,holl
0.10528288781642914,advisory
-0.17292523384094238,star
-0.0941401943564415,property
-0.0728374794125557,pita
-0.3968717157840729,firm
-0.3819044530391693,plan
0.2334437370300293,sing
-0.308370441198349,teg
-0.5345532298088074,stre
0.3378910422325134,lys
-0.8696994185447693,tew
0.0754140242934227,terna
-0.3044061064720154,orc
0.050815191119909286,atter
-0.10018441826105118,mand
-0.3059622347354889,direct
-0.3029536306858063,dire
-0.1097773015499115,saw
0.40551361441612244,tai
0.008775373920798302,tag
0.4608009457588196,olm
-0.1687498688697815,stra
-0.1978968232870102,capital
-0.523288905620575,dev
-0.20465219020843506,bookkeeper
0.006861412897706032,spot
-0.06909336149692535,dent
-0.0456647053360939,mou
-0.3756617307662964,source
-0.22395287454128265,sory
-0.8198167085647583,dand
-0.48871365189552307,nee
-0.06587327271699905,deb
0.42639002203941345,numb
-0.3949052095413208,sley
0.2821369171142578,dor
-0.08784008026123047,kea
-0.43127983808517456,aye
0.05449732393026352,two
0.31184765696525574,eave
-0.74173903465271,wen
-0.13373365998268127,eat
0.09491706639528275,kell
-0.422116756439209,bank
0.02326163463294506,ush
0.03620551899075508,rog
-0.021142220124602318,eel
-0.058721281588077545,intern
-0.09999410063028336,international
-0.10682149231433868,internation
-0.16047793626785278,figure
0.5450206398963928,morg
-0.009322267025709152,lane
0.18304800987243652,morris
0.31601375341415405,gleg
0.3714272975921631,lew
0.3071099817752838,nar
0.28511855006217957,geo
0.007985193282365799,lake
-0.3223455250263214,mid
0.02971908077597618,coll
-0.26999983191490173,national
-0.21689526736736298,itch
-0.2566770613193512,iva
-0.36590129137039185,fro
0.45859456062316895,fou
0.5151190757751465,kele
0.2278822362422943,lad
-0.03558146953582764,matter
0.04011659696698189,fig
0.47147247195243835,hug
-0.41031771898269653,pear
0.09499551355838776,croft
0.19063079357147217,orris
0.03895639255642891,hing
-0.08421473950147629,express
-0.11570008099079132,corpora
-0.45863017439842224,peri
-0.4656342566013336,cum
-0.010886608622968197,hurst
0.12479998916387558,ova
0.21023808419704437,opt
0.009733895771205425,eaver
-0.45990702509880066,het
0.27020883560180664,hep
-0.4659213721752167,hem
-0.5856550931930542,hele
0.0039045277517288923,inde
0.3046366572380066,initial
0.013529246672987938,lasso
-0.026073092594742775,matte
0.1848311573266983,olla
-0.18111644685268402,non
0.46404799818992615,franc
-0.38083451986312866,assis
-0.15263235569000244,tot
-0.8182798624038696,afford
-0.10132381319999695,sar
-0.5707419514656067,angel
-0.3748146593570709,ever
-0.788042426109314,saa
0.0021675771567970514,thorn
0.45750969648361206,tie
-0.22471974790096283,ante
-0.2270166128873825,born
-0.42378464341163635,taxi
-0.37612825632095337,step
0.4802371561527252,cast
0.1515868455171585,cate
-0.19122935831546783,rise
-0.6068106293678284,turns
-0.0549544095993042,ula
-0.26834040880203247,ume
0.38247182965278625,bail
0.14679421484470367,sec
-0.03612779825925827,tat
0.6131560802459717,vine
-0.39172816276550293,brig
-0.24167802929878235,spar
0.1012692078948021,page
0.14609412848949432,nation
0.27424952387809753,stock
-0.444210022687912,rice
0.32381895184516907,may
-0.5839818716049194,blaw
-0.2926303744316101,alist
0.14178931713104248,sist
0.13959944248199463,horn
0.05870090425014496,sion
-0.5343599915504456,bis
0.02482401765882969,sur
-0.1635275036096573,shop
0.009543024003505707,sad
-0.017776507884263992,sham
0.1884666085243225,tam
-0.12134989351034164,alter
-0.7584980726242065,blue
-0.23382830619812012,boro
-0.5700368881225586,rah
0.11922881007194519,zel
-0.06625250726938248,rave
-0.36313027143478394,walt
-0.2209216207265854,rap
-0.3479795753955841,audit
-0.41211870312690735,berry
-0.4691983461380005,work
-0.04976136237382889,view
-0.39655598998069763,rant
-0.28236469626426697,ava
-0.19284698367118835,assist
-0.46425488591194153,wee
0.21102169156074524,chart
0.49851569533348083,quin
-0.35097527503967285,water
-0.21048778295516968,augh
-0.5469520092010498,clay
-0.28568482398986816,bell
0.5741989016532898,also
0.0045824539847671986,wer
0.21631474792957306,studio
0.5542548894882202,mau
-0.1922890990972519,bet
-0.0626038908958435,kil
0.09675963968038559,kelly
0.017557578161358833,marl
0.11730512976646423,eyn
-0.19712013006210327,hie
-0.4052314758300781,enterprise
0.11187228560447693,stud
-0.12246149778366089,alley
-0.030615413561463356,loud
0.6773787140846252,wilk
0.8099974393844604,eke
0.04330739751458168,ball
0.01553184911608696,steven
0.20517264306545258,zar
0.5601541996002197,morga
-0.018238434568047523,alan
0.13415780663490295,hell
-0.2704881727695465,ssu
0.063444584608078,bon
-0.14634688198566437,energy
0.06996332108974457,alb
-0.19154630601406097,mir
-0.4588196873664856,ming
-0.19988569617271423,milt
0.053674813359975815,world
-0.5768603682518005,kat
0.0491093285381794,music
-0.03631652891635895,asse
0.17278754711151123,midland
0.0011581681901589036,fan
-0.1938439905643463,apple
-0.2945903241634369,writ
0.41203778982162476,stree
0.046257250010967255,bes
-0.2337975949048996,hic
-0.6011120676994324,hia
-0.07547248899936676,tent
-0.40995487570762634,berg
-0.008374324068427086,lair
-0.20036983489990234,less
0.14098918437957764,walker
-0.03761547803878784,lens
0.017822876572608948,elb
0.07423655688762665,cloud
-0.025741398334503174,twa
-0.042441610246896744,eric
0.004853631369769573,baker
-0.028147101402282715,easy
0.0056709907948970795,bake
0.03240170702338219,aria
0.06587660312652588,temp
-0.18422234058380127,bright
0.6772584915161133,urf
0.5156107544898987,vell
0.006170788314193487,axe
0.38497257232666016,veri
-0.0529426708817482,vest
0.00870485045015812,lant
0.32152560353279114,awl
0.6113864183425903,arson
0.3026687800884247,bit
0.16960948705673218,day
-0.670487642288208,tron
-0.16646960377693176,tou
-0.49645373225212097,walter
-0.15762309730052948,ism
0.011904639191925526,home
-0.16363635659217834,ego
0.02373471111059189,terp
0.32718223333358765,hum
-0.31492942571640015,thon
0.04973334074020386,wart
-0.07787258923053741,ware
-0.1785525530576706,dos
-0.6629095673561096,kip
0.32017531991004944,beck
0.09778977185487747,icho
0.13986587524414062,ansa
-0.8193908333778381,beau
0.045734379440546036,thy
0.03948502242565155,anta
-0.07975984364748001,prim
-0.11815603077411652,elf
-0.31458455324172974,illy
-0.19285790622234344,bate
-0.4912419617176056,aum
0.17054222524166107,ester
-0.31872233748435974,prism
0.016976244747638702,borne
-0.4922463893890381,grant
-0.37935417890548706,corporate
0.3827272653579712,system
-0.6729497313499451,return
-0.11886610090732574,revie
-0.1387578845024109,review
0.10974132269620895,rho
-0.315283864736557,support
0.0030252316500991583,gill
-0.3152047395706177,cep
0.04042207449674606,street
0.18843615055084229,rime
0.6411424279212952,rind
0.2214026302099228,stop
-0.14900080859661102,rite
0.14991848170757294,fit
0.11616046726703644,owl
0.06937827914953232,gor
0.12952014803886414,stem
0.25052013993263245,carte
-0.4275096356868744,moss
0.1530744433403015,rota
-0.2733342945575714,square
-0.3797251880168915,got
0.12078279256820679,rove
0.3280797004699707,rush
-0.3754514157772064,cand
-0.25787055492401123,crow
-0.4731847643852234,organ
-0.047527771443128586,orf
0.012066598050296307,ref
-0.46483150124549866,reet
-0.15067021548748016,corn
-0.6149151921272278,pic
-0.3223106563091278,prest
-0.12145575135946274,probate
-0.0038519706577062607,foster
0.011968621052801609,coli
-0.7468826770782471,pow
-0.580020546913147,cleg
-0.29094716906547546,quare
-0.03958701342344284,pool
0.3506814241409302,abb
-0.28590622544288635,gala
-0.2801702916622162,claw
-0.1694108098745346,pir
-0.33102643489837646,fore
-0.31144049763679504,forb
-0.03585440292954445,pend
-0.06415782868862152,foo
-0.26942282915115356,chol
-0.42610278725624084,wall
-0.6189349293708801,chil
-0.7040746212005615,walk
0.3291884958744049,raya
-0.3067720830440521,reaccount
-0.43903622031211853,gas
0.8925895094871521,ache
0.42276254296302795,gee
0.6315613985061646,town
-0.3025340139865875,top
-0.050043974071741104,reed
-0.3626805543899536,south
0.5751418471336365,morgan
-0.6189356446266174,rough
-0.19801479578018188,sen
-0.14303667843341827,sig
0.13507111370563507,sell
0.7833915948867798,burton
0.20319271087646484,brand
0.2875979244709015,nei
0.8047875165939331,burt
-0.24447567760944366,nick
0.29865333437919617,odd
-0.026625635102391243,grove
0.5249845385551453,daw
0.03283410891890526,see
0.2139657437801361,aft
-0.20093630254268646,shea
-0.16259491443634033,obi
-0.04745517298579216,aho
0.04482277110219002,nip
-0.8416329622268677,smart
-0.214577317237854,bull
-0.5363244414329529,hank
0.24750953912734985,room
-0.10790575295686722,oat
-0.09682352095842361,oak
-0.6437738537788391,cyp
0.43901410698890686,fen
0.4347691833972931,bran
-0.473021537065506,solve
0.1031343936920166,mot
-0.30909818410873413,orate
-0.35445213317871094,call
-0.06226187199354172,sap
-0.46871358156204224,borough
0.35090166330337524,spay
-0.220180481672287,cad
-0.07498002797365189,brad
-0.5595085620880127,place
0.3386670649051666,galp
-0.07942400872707367,hami
-0.130793958902359,rod
0.09556949883699417,gall
-0.02787834405899048,hest
-0.024111706763505936,price
0.08558613806962967,hei
-0.029727878049016,yes
-0.10056384652853012,heel
-0.1554921716451645,band
-0.4483969509601593,wind
-0.04572827368974686,fun
-0.30250993371009827,hear
-0.01858958788216114,hend
-0.0016883093630895019,isle
-0.317220002412796,fur
-0.38480010628700256,hay
0.14452555775642395,harp
0.004121081437915564,invest
0.26727205514907837,society
-0.6614059209823608,mass
0.16595835983753204,hick
-0.21468371152877808,dress
-0.030616767704486847,full
0.22615760564804077,food
0.12358670681715012,griff
-0.2273719310760498,fish
-0.2147074192762375,dust
-0.07829698175191879,side
-0.4840260148048401,edge
-0.1766173392534256,egg
-0.11098433285951614,fat
-0.6738144755363464,eye
0.0684952512383461,sign
0.1620406210422516,expert
-0.1877010613679886,gove
-0.4446277320384979,sky
-0.23922017216682434,sharp
-0.1685929298400879,cut
0.3609798550605774,cord
-0.0032908860594034195,insolvency
0.08838611096143723,thing
0.17322784662246704,tall
0.04345547780394554,boy
-0.0654207393527031,engine
0.15735818445682526,brain
0.15541920065879822,chest
-0.014922656118869781,gers
-0.380296528339386,cook
-0.40656498074531555,sun
0.18074606359004974,strong
-1.0103392601013184,church
-0.17871078848838806,hat
-0.14087936282157898,goa
0.46336594223976135,coat
-0.12362146377563477,east
-0.009753595106303692,lister
-0.0890292376279831,jack
-0.0893368050456047,sain
0.0222591832280159,ology
0.3794039189815521,omer
-0.18661735951900482,search
-0.09029027074575424,onca
-0.10777407139539719,sear
0.3013799488544464,sat
-0.01412838976830244,sai
0.015229334123432636,shank
-0.01606856845319271,orchard
-0.052786242216825485,ruth
0.23605318367481232,rut
-0.021832862868905067,rote
-0.429705947637558,ouch
-0.04926452785730362,role
-0.365485280752182,oda
-0.18419939279556274,sher
-0.31226909160614014,roger
-0.18263830244541168,neer
0.13238784670829773,spec
0.05869823694229126,nab
-0.041708044707775116,spart
-0.02581508830189705,solvency
0.26104891300201416,nay
0.40314775705337524,neb
-0.47710317373275757,sole
-0.08478139340877533,shin
0.27811291813850403,sola
-0.2173711657524109,nine
0.6400476694107056,nob
-0.19154776632785797,nolo
0.35241490602493286,nova
-0.062085703015327454,shor
0.48241499066352844,owd
-0.4076743423938751,rive
0.026875948533415794,sport
0.0407782644033432,quest
-0.17312359809875488,rang
-0.21633565425872803,rana
-0.3214017450809479,pick
0.3117130994796753,rainstorm
-0.2628675103187561,raft
0.02364707924425602,raff
-0.10394773632287979,pol
-0.263816773891449,ravel
0.08393334597349167,pon
-0.624258279800415,posit
-0.4482481777667999,pott
-0.13299152255058289,pur
-0.08196558803319931,protect
-0.05316581949591637,prote
-0.23106974363327026,rata
-0.24187618494033813,recruit
-0.35024142265319824,para
-0.06333308666944504,rib
-0.09502897411584854,rine
0.4186759889125824,riff
-0.07566481083631516,rick
0.13888642191886902,paten
0.1565575897693634,patent
0.010252634063363075,pater
0.29326626658439636,resource
-0.02874767780303955,recruitment
0.023068251088261604,rep
-0.15754163265228271,reem
0.31185272336006165,penni
0.1422368735074997,rector
0.1480555683374405,recto
-0.29407474398612976,penny
0.03566865995526314,spor
0.2471747100353241,state
0.6418309807777405,jordan
-0.5270141959190369,lev
-0.24359822273254395,unca
-0.37401556968688965,lean
-0.02076534554362297,ulla
-0.006648653652518988,lees
0.1465512067079544,lei
-0.005177007522433996,turner
0.0498964823782444,tum
-0.21899057924747467,lave
-1.049250602722168,lewis
0.23061682283878326,try
0.00928257592022419,lier
-0.1482175886631012,tosh
0.431667685508728,tory
0.31890615820884705,tip
-0.07465723156929016,ura
0.09506958723068237,urd
0.1191103607416153,lint
0.048666562885046005,weal
0.17224346101284027,zac
-0.34767767786979675,yas
-0.4791959226131439,wit
-0.24710582196712494,wick
-0.45506373047828674,kend
0.3289545178413391,ket
-0.0029445195104926825,walsh
0.05348577722907066,vent
-0.15103398263454437,lade
0.1166594848036766,vol
-0.14456434547901154,vise
0.006213436368852854,ville
0.07689794898033142,vill
-0.06011730059981346,lari
0.07828304171562195,til
0.22174859046936035,tier
0.634990930557251,sterling
0.3120885193347931,aam
0.07450197637081146,tact
-0.0038566680159419775,swell
0.09086401015520096,swan
-0.6727085113525391,style
-0.04006821662187576,sty
-0.007214844226837158,mela
0.3571769595146179,mero
-0.10215743631124496,tain
-0.12854649126529694,stot
0.01875477470457554,storming
0.20719701051712036,storm
0.046747319400310516,sting
0.3103046715259552,stew
0.6165077686309814,milla
-0.4854888916015625,martin
-0.17293928563594818,tare
-0.2585735619068146,loa
-0.05766117572784424,theb
0.4882623553276062,thou
0.2629089057445526,logy
0.25197216868400574,lot
0.06140683591365814,lues
0.06373746693134308,lum
0.3447265923023224,thew
0.2068309783935547,term
-0.09411288797855377,marsh
-0.03323673456907272,mad
0.1867329627275467,mage
-0.2698978781700134,maki
0.033642735332250595,teer
-0.2947100102901459,technology
-0.06444133818149567,tate
0.011538778431713581,aal
-0.24785801768302917,young
-0.41322001814842224,bean
0.3733106255531311,ease
-0.09564637392759323,erd
-0.6910602450370789,counter
0.03717569634318352,defence
-0.028379365801811218,ender
0.20673301815986633,brin
0.3411370515823364,active
0.3256838619709015,acta
-0.2573854923248291,bod
-0.22755016386508942,crea
-0.36136728525161743,arche
0.10799626260995865,ether
-0.2357107549905777,alf
-0.0756380632519722,barn
0.26787659525871277,blues
-0.42930829524993896,buck
-0.2634049654006958,alin
-0.2890985310077667,cliff
-0.04189023748040199,etch
-0.37142041325569153,cave
-0.08458708226680756,fee
-0.11500974744558334,excel
0.002920328639447689,brains
0.1560460329055786,chester
0.016765110194683075,contra
-0.12598586082458496,advise
0.3163495361804962,cist
-0.2556866705417633,entia
0.04391714558005333,dove
-0.32660990953445435,dow
-0.23703131079673767,engineering
0.16382333636283875,chic
0.14684341847896576,admi
0.15913446247577667,charter
-0.01313325110822916,cista
-0.4100654125213623,address
0.12826532125473022,engineer
-0.10223480314016342,city
0.08697729557752609,bow
-0.39500102400779724,ait
0.032696545124053955,dele
-0.4138028025627136,fence
0.11933537572622299,earn
-0.12836994230747223,anna
0.0028894038405269384,dey
0.12918023765087128,ask
0.08385627716779709,curt
-0.2747582793235779,amt
-0.03517704829573631,alpha
0.20714397728443146,director
-0.259135901927948,elle
-0.19718846678733826,asp
-0.05968319997191429,awe
0.12811623513698578,came
0.04622362181544304,camb
0.1138872504234314,bay
0.4774317145347595,dag
-0.20154058933258057,eland
-0.06050631403923035,elect
-0.2866458594799042,ally
0.2024279683828354,busy
0.2873557507991791,butler
0.0025221260730177164,abacus
-0.23620770871639252,butt
-0.24089182913303375,away
-0.004443748388439417,bey
0.3852972090244293,dart
-0.4222123324871063,elm
0.3116062581539154,cass
0.00515250489115715,cull
-0.05983393266797066,cash
0.26380905508995056,carter
-0.31670626997947693,carr
-0.39186525344848633,estate
0.07449302077293396,castle
-0.35039040446281433,ecru
-0.1731661558151245,data
0.3756355941295624,dian
-0.17817331850528717,udo
-0.02628340944647789,merch
0.19957102835178375,mortgage
-0.33299604058265686,mille
0.48103800415992737,mort
-0.24405716359615326,utter
-0.29884397983551025,uller
-0.44682440161705017,miller
0.26307958364486694,uta
0.41552579402923584,uran
-0.3654611110687256,depend
-0.08447366207838058,merl
-0.48638421297073364,deposit
0.14957734942436218,mho
-0.2992578446865082,mim
0.0031334427185356617,depositary
-0.008184469304978848,desi
-0.1171109527349472,die
0.4767145812511444,ultima
0.005514088552445173,dhu
-0.003597027389332652,bailey
0.30917301774024963,unbar
0.16208386421203613,mob
0.041164156049489975,dick
0.007883858866989613,mone
0.2628781795501709,turion
-0.339128315448761,ubi
0.3402000069618225,barrister
0.4734872579574585,newt
-0.10191042721271515,trial
0.00976230762898922,nigh
0.003534617368131876,nil
-0.05334582179784775,nim
-0.06253382563591003,tress
-0.3113464415073395,barring
-0.4787464737892151,northeast
0.0011037368094548583,notary
-0.10579968243837357,tout
0.4257728159427643,twin
-0.39610233902931213,barry
-0.3716900050640106,total
-0.010568586178123951,barton
0.0013649101601913571,damson
-1.1110838651657104,bass
0.05943300947546959,torney
-0.31679004430770874,torn
-0.51450115442276,ocean
0.05335547775030136,oes
-0.3370656967163086,trig
-0.17883281409740448,network
0.08694806694984436,nep
-0.32533812522888184,trustee
-0.12201458215713501,mount
-0.21556635200977325,mout
-0.09352097660303116,mud
0.1529013216495514,twill
-0.17756633460521698,mull
-0.00026389339473098516,mulla
-0.11711963266134262,mult
0.0063973465003073215,murphy
0.003540527308359742,murra
0.002503130352124572,naa
-0.0489504337310791,nam
0.10329041630029678,valley
-0.06076742708683014,nap
-0.36293676495552063,deg
0.23469583690166473,turio
-0.3538348078727722,dee
0.3366926908493042,bard
0.07726738601922989,nef
-0.16839024424552917,negro
0.0872318372130394,vall
0.10391511768102646,mail
0.010984180495142937,mediator
0.2741544246673584,yell
-0.34796029329299927,yed
-0.46624594926834106,leave
-0.016224348917603493,leaver
-0.7254305481910706,led
-0.5142126083374023,yard
-0.259112685918808,asta
0.011054614558815956,lemon
-0.06219904124736786,dwell
0.6306434273719788,lepa
-0.8313175439834595,write
-0.45272600650787354,lest
-0.2739546597003937,letch
-0.19964227080345154,wright
-0.18779131770133972,wrig
-0.3246004581451416,duff
0.31219029426574707,dud
0.12270002067089081,lied
0.6180619597434998,wolf
-0.2738756239414215,lime
-0.02624788135290146,atria
-0.10232820361852646,wint
0.6654185652732849,earl
-0.04640671983361244,yen
0.01243573147803545,drive
0.19045937061309814,ebb
-0.35541725158691406,arty
-0.08568700402975082,lain
-0.08850181847810745,laine
0.17380106449127197,eker
0.320018470287323,laker
0.012294902466237545,lall
0.3375624120235443,angle
0.013564012944698334,aspen
-0.43782180547714233,zone
0.016748569905757904,asset
0.3034794330596924,eeler
0.36518827080726624,edit
-0.06300468742847443,lard
-0.3136272430419922,edh
0.30302247405052185,zad
0.2772820293903351,yoursel
0.30778929591178894,eddo
-0.42502811551094055,yor
-0.2556397020816803,yon
-0.3357445001602173,laur
-0.2165020853281021,yin
0.6683936715126038,wilkin
-0.3314414322376251,wild
-0.014254243113100529,vela
-0.43834343552589417,dont
-0.003437905805185437,wang
-0.00924878753721714,wand
-0.3276180624961853,magenta
-0.14781180024147034,tol
-0.10450191050767899,main
-0.13580529391765594,auto
0.4872739911079407,wad
0.016231594607234,div
0.0070719593204557896,vole
-0.055421922355890274,dita
0.4046642780303955,vocate
-0.3005707263946533,vista
-0.006263060495257378,manso
-0.007998000830411911,visa
-0.091803178191185,marc
-0.1759929358959198,avo
-0.0993550717830658,directory
-0.3193114995956421,awd
0.8584073185920715,dim
-0.008581218309700489,maud
-0.29368114471435547,mead
-0.4494362771511078,aula
-0.3015596866607666,wark
0.6279669404029846,wig
-0.390836238861084,warn
-0.49459126591682434,lion
-0.0508432611823082,drake
0.059892620891332626,attorn
0.1539655178785324,draft
-0.519856333732605,litigation
0.17503821849822998,live
0.04000398889183998,attorney
0.30535292625427246,wheeler
-0.04728015512228012,whee
-0.9273249506950378,lod
0.13097840547561646,loo
-0.006269940175116062,weaver
0.2057943493127823,lors
-0.006134593393653631,weave
0.04310642182826996,wealth
-0.6383483409881592,dot
-0.2225927710533142,aught
-0.1206529513001442,ways
0.3198292553424835,watt
-0.028289567679166794,lug
0.6337284445762634,dorad
0.08654701709747314,dad
0.04303054139018059,foun
-0.23284286260604858,oint
-0.4181627929210663,oka
0.4852348566055298,rase
-0.0998019427061081,raser
0.46051710844039917,rated
0.07830381393432617,spence
-0.2676037549972534,specialist
0.05211612954735756,chick
0.008715460076928139,rax
0.22424252331256866,raze
-0.0920407623052597,spark
0.2796701192855835,reak
-0.00957537442445755,real
-0.48106157779693604,sov
0.27685263752937317,bourn
-0.13663579523563385,check
-0.5606085658073425,chase
-0.08431451767683029,rectory
-0.3687019944190979,fount
-0.010045049712061882,brandy
0.0035644657909870148,bray
0.3010932505130768,break
-0.024863291531801224,reland
0.21562613546848297,research
-0.0015252139419317245,sker
-0.3692372441291809,spire
-0.14766836166381836,spoke
0.26789745688438416,rank
-0.08610731363296509,quit
0.13166376948356628,stow
-0.10953712463378906,protection
-0.35563695430755615,pst
-0.38758954405784607,pub
0.467291921377182,pus
0.19240222871303558,cleve
-0.002451577689498663,cleaver
0.006036228965967894,cleave
-0.6404929757118225,stein
0.5928061008453369,steer
-0.2999092936515808,rack
0.23571480810642242,rane
0.2289813607931137,rada
-0.7367885112762451,stand
-0.9745755791664124,rag
0.30082204937934875,stanch
0.16602718830108643,rais
-0.343588262796402,raise
0.08108529448509216,staff
0.25820237398147583,rake
0.6208966970443726,sri
-0.002836108673363924,randy
-0.013430840335786343,resolicit
-0.003088029334321618,sitar
-0.47975683212280273,brit
-0.322142094373703,rutherford
0.09130428731441498,cape
-0.29352515935897827,cant
-0.029430102556943893,rowel
-0.33181485533714294,shah
-0.18310338258743286,ruction
0.004702270496636629,rud
-0.3325451910495758,ruff
0.002098449505865574,sesti
-0.11032915115356445,camp
-0.31683239340782166,ruther
-0.023601308465003967,rye
-0.3204207420349121,shama
0.3994908034801483,burr
0.31025463342666626,burro
0.2961955964565277,burrow
-0.267709344625473,calli
-0.336824893951416,cairn
-0.6939641237258911,seg
-0.014382937923073769,cain
0.014744864776730537,cadi
-0.2945743501186371,cade
0.16407431662082672,save
0.010143655352294445,capel
0.3229348659515381,cashier
-0.0019211232429370284,singh
-0.020168881863355637,celt
-0.10420491546392441,cess
-0.16022980213165283,broad
-0.45328569412231445,rhe
-0.7648030519485474,sind
0.017077263444662094,cepe
-0.2550840973854065,rial
0.3156421482563019,broom
-0.00769509794190526,centurion
-0.31939053535461426,silva
-0.0001912254811031744,ridgel
0.26115483045578003,righto
-0.6592689752578735,roe
0.23096756637096405,rima
-0.06120123341679573,sib
0.006467237137258053,rindle
-0.09966306388378143,shore
-0.10701189190149307,bun
-0.6023139357566833,rip
0.1559930443763733,riva
-0.20160968601703644,rix
0.31399446725845337,shier
0.30373454093933105,casse
-0.3240364193916321,strata
0.3137218654155731,clint
-0.01539421733468771,proleg
-0.002037250669673085,patria
-0.2557959258556366,creta
-0.28033995628356934,ower
-0.08498971164226532,crease
-0.31530117988586426,owling
-0.3285582959651947,pace
-0.09533129632472992,pal
0.10277645289897919,cox
-0.12814266979694366,pass
0.016346558928489685,tempo
0.018105879426002502,cotta
0.027076175436377525,cotland
-0.29989853501319885,ovation
0.1936020851135254,costing
-0.34695491194725037,tele
-0.30917397141456604,benn
-0.309084951877594,benne
0.31406718492507935,peach
0.27191460132598877,peak
-0.30562615394592285,bennet
-0.45832300186157227,pearl
-0.040828440338373184,bere
0.2995298504829407,pence
-0.004471786320209503,ovey
0.31221097707748413,outbook
0.3331325054168701,penguin
-0.014408392831683159,opus
0.006238612812012434,okee
-0.0625620037317276,tog
0.15504024922847748,oki
-0.32649368047714233,olden
0.10806184262037277,toa
-0.14005625247955322,dab
0.005179687403142452,cyan
-0.1297936588525772,omen
0.3532111942768097,customs
-0.25263118743896484,custom
-0.2734344005584717,cure
0.28095343708992004,ourself
0.0025940046180039644,orad
0.03837072104215622,beach
0.19759900867938995,tid
-0.013194161467254162,kwan
0.2762901484966278,cross
0.16802166402339935,three
0.31174251437187195,thouse
0.019728325307369232,otary
-0.14941857755184174,otter
-0.10579782724380493,ought
-0.40412214398384094,pendent
0.606431782245636,penna
0.33123713731765747,project
0.0800078734755516,prime
-0.4367885887622833,bishop
-0.013990416191518307,colin
0.21054577827453613,sum
0.24593272805213928,cole
-0.2531459629535675,cola
-0.1354779601097107,cog
0.07383950054645538,cock
-0.009140584617853165,presto
-0.18021394312381744,cob
-0.07466534525156021,prima
-0.059305284172296524,blake
-0.19912396371364594,sure
-0.31799259781837463,blan
0.016265343874692917,pritch
0.18830528855323792,proa
0.008618095889687538,bland
-0.31462594866752625,procure
0.1991642564535141,strategi
-0.2558012902736664,prof
-0.020404985174536705,profess
-0.01438965741544962,profession
-0.016761012375354767,professional
0.3085711598396301,colly
-0.79053795337677,surrey
-0.15276393294334412,bespoke
-0.05024203658103943,tap
-0.6056550145149231,convey
0.007601361721754074,perry
-0.15568183362483978,construction
0.001361371367238462,construct
-0.06648863106966019,connect
0.17764408886432648,pho
0.3221794664859772,bid
0.33693331480026245,tass
-0.8045021295547485,tari
0.3064444065093994,concierge
-0.010206484235823154,tala
0.004907138645648956,birch
0.40294432640075684,bill
-0.08951184898614883,compete
-0.09693597257137299,bing
0.3019385039806366,bint
0.08430807292461395,tab
0.10673366487026215,plea
-0.009130489081144333,taa
0.4022630453109741,ply
-0.48040610551834106,poke
-0.10514062643051147,commercial
0.14484210312366486,base
-0.3157712519168854,meta
0.03504037857055664,bath
-0.010822324082255363,alder
0.027281399816274643,night
0.15873250365257263,heal
0.10957551002502441,health
-0.2471533566713333,bed
0.15671458840370178,heck
0.5746749639511108,need
0.31369197368621826,heeler
-0.05525656417012215,aliso
-0.22708022594451904,mouth
0.2133154720067978,moon
0.2917219400405884,hemp
-0.01188578549772501,money
0.24638581275939941,mine
0.013684590347111225,henry
-0.7935649752616882,mind
0.48093917965888977,herb
-0.005742953158915043,milk
-0.3125791847705841,alec
0.517143964767456,hawk
-0.2347191870212555,investigation
0.37370404601097107,hau
0.09348702430725098,river
0.27541041374206543,aid
-0.009112057276070118,guy
-0.20477017760276794,hack
-0.6031017303466797,hah
0.054050832986831665,hail
0.5033236742019653,private
0.02195524424314499,hale
-0.07873428612947464,hals
0.5553159117698669,porter
0.31287941336631775,hame
0.2042822688817978,fice
-0.5517652034759521,handle
0.2057897299528122,fess
0.030380699783563614,hare
-0.2927137315273285,order
-0.15091142058372498,harm
-0.03964068368077278,alison
0.005995677784085274,fand
0.028345465660095215,hey
0.04506135731935501,map
-0.3449826240539551,guide
0.05761728808283806,evens
0.007224076893180609,ife
0.0022599243093281984,etcher
0.006288090720772743,ammo
-0.6423738598823547,glass
0.40768182277679443,independent
-0.1669808179140091,first
-0.39826667308807373,farm
-0.10797204077243805,anes
0.01190321333706379,anew
-0.2576858103275299,every
-0.00703845638781786,ango
-0.12324774265289307,erne
0.12528865039348602,equal
0.2511756718158722,integrate
-0.09095753729343414,apa
-0.45673292875289917,gun
0.10952059179544449,iba
-0.1424744576215744,hut
-0.012404892593622208,horizon
-0.2216821163892746,eyne
0.21526788175106049,love
-0.012375733815133572,long
-0.4415183961391449,alma
-0.6457492709159851,hold
-0.6282124519348145,holm
0.18961742520332336,hood
-0.06282491236925125,hot
-0.01015164889395237,huss
0.060867734253406525,aly
0.5122753977775574,hough
-0.060465000569820404,howe
0.04469383507966995,hud
-0.21766625344753265,help
0.5623753666877747,amic
-0.31746214628219604,hurr
-0.4430915415287018,road
0.045186322182416916,gul
-0.2182842195034027,ago
-0.16455557942390442,tail
-0.27338656783103943,forensic
-0.37616631388664246,gam
-0.31518110632896423,value
0.11548247933387756,folk
0.18667373061180115,garb
-0.060868363827466965,unit
-0.03383193910121918,transport
0.009326040744781494,fod
-0.4300709664821625,gateway
-0.16672475636005402,touch
-0.008506123907864094,toe
0.2123161256313324,ged
0.211940199136734,time
-0.011833145283162594,fletcher
0.30391818284988403,acumen
-0.05762283876538277,talk
-0.007704786490648985,fletch
-0.03443342074751854,gage
-0.07998716086149216,gag
0.10358984768390656,gad
0.012037505395710468,fortress
-0.3540116548538208,fountain
-0.13480734825134277,fox
0.18833403289318085,writing
-0.30954718589782715,frank
-0.10095547139644623,frase
0.1858273595571518,word
0.6327154040336609,abbey
-0.534252941608429,wise
0.16353201866149902,gab
-0.08882737904787064,winter
0.2914808392524719,frost
-0.3236916661262512,fuller
-0.037427350878715515,wheel
0.06308446824550629,fund
-0.3905429244041443,funds
0.029778094962239265,abu
-0.3934224545955658,gest
0.5711014866828918,gib
0.012021593749523163,guild
0.023854728788137436,gid
-0.4546951949596405,find
0.24840958416461945,grate
-0.18074069917201996,sex
-0.08557426929473877,gray
0.3160390555858612,self
0.229669988155365,aged
0.3138267993927002,grego
0.04414132609963417,seat
0.005351352505385876,figured
-0.09043844789266586,griffin
-1.0674138069152832,agee
0.15579809248447418,grin
-0.023611582815647125,agen
0.3309374153614044,fifty
0.04018701985478401,agent
0.11754649877548218,run
0.033980630338191986,gue
-0.024672619998455048,affa
-0.24002483487129211,fine
-0.14057520031929016,silver
0.1765405535697937,spring
-0.2854725122451782,gie
-0.6296703219413757,flet
-0.043482791632413864,git
0.4661252200603485,summer
-0.25252899527549744,ado
0.07178021967411041,god
-0.3151409327983856,golden
-0.1444128304719925,special
-0.4730590283870697,govern
-0.5583170056343079,space
-0.00725372601300478,goldstone
-0.002611449919641018,soft
0.18692022562026978,fisher
0.39521804451942444,advocate
0.21370919048786163,gos
0.2442718893289566,simple
-0.12834447622299194,epos
0.9901335835456848,hech
-0.7517713904380798,kent
0.007002220489084721,archer
0.11083520203828812,apex
-0.3257923424243927,job
0.32565149664878845,area
-0.3044983148574829,emu
-0.30779799818992615,come
-0.3251708447933197,arca
-0.44025832414627075,debt
-0.07069844007492065,kay
-0.010192503221333027,justice
0.1194186732172966,box
0.1598421186208725,kill
0.2517569661140442,eon
0.002669928129762411,design
-0.14016146957874298,arad
-0.3508990705013275,chin
0.3390171229839325,kina
0.21347163617610931,jar
-0.01262702140957117,cow
0.3149275779724121,jay
0.2758987843990326,jeff
-0.3157031238079071,kim
-0.4134197533130646,dependent
-0.46972882747650146,knight
-0.5236421227455139,arms
0.19184699654579163,kemp
0.08547303825616837,ivin
0.3160642385482788,yex
0.012553191743791103,admiral
0.00859327707439661,bose
-0.3223859369754791,adieu
-0.31131240725517273,yaud
-0.7514215707778931,yday
0.012072873301804066,stid
0.15479886531829834,yea
-0.3415122926235199,still
0.19463269412517548,bog
0.29637041687965393,stigma
0.3241780400276184,areng
-0.32500186562538147,stert
-0.013794819824397564,bogo
-0.28031760454177856,shirt
0.026621138677001,stema
0.0002390711015323177,stellar
0.332760751247406,stella
0.32578521966934204,speak
0.31715473532676697,boss
-0.0059755826368927956,stine
0.23754747211933136,short
0.021628009155392647,bob
0.5103186368942261,send
0.06069508194923401,bot
0.7077415585517883,blet
-0.31374847888946533,bluer
-0.010961749590933323,spald
0.030504118651151657,added
0.4093194007873535,chance
-0.009511479176580906,argent
0.014095362275838852,spalding
0.6145418882369995,boston
-0.006799980066716671,stork
0.06308573484420776,boa
-0.003978523891419172,stoa
-0.07593988627195358,stir
-0.3299846947193146,assure
0.012461156584322453,afortiori
-0.3788111209869385,stion
-0.3925192654132843,stink
-0.04005567729473114,adet
0.6604442000389099,stell
0.18587839603424072,afar
-0.016632160171866417,sphinx
-0.43495309352874756,button
0.35666418075561523,song
-0.0009083990007638931,squit
-0.12580536305904388,start
-0.0011525267036631703,adroit
0.18064841628074646,squared
0.006772720254957676,bool
0.21747009456157684,sports
0.004742548801004887,booth
-0.3283815085887909,butter
-0.3525657057762146,advanced
-0.570747435092926,bord
-0.4401800334453583,assurance
0.3153620958328247,spencer
0.3100341558456421,yest
0.057703711092472076,advance
-0.008360669016838074,spirea
0.1471835821866989,yet
0.01122906431555748,spicer
-0.17135414481163025,spice
-0.2541610598564148,bond
-0.8163400292396545,stack
0.3834255635738373,aes
-0.25253596901893616,ared
-0.11046088486909866,stead
-0.010546867735683918,speaking
-0.0007963410462252796,bole
-0.4115372598171234,border
0.10020818561315536,silk
-0.006020434200763702,stark
0.0065436046570539474,steel
-0.13549654185771942,chain
0.29722267389297485,stanchion
-0.11005621403455734,cause
0.33329957723617554,skin
0.28421375155448914,yarb
0.00607655243948102,adz
0.2692702114582062,stance
-0.3137724995613098,stam
-0.00041628966573625803,spelt
-0.005775227211415768,areal
0.4776808023452759,snow
-0.3603402376174927,adviser
0.006043753586709499,stout
-0.1252286732196808,warner
0.12191326171159744,seed
0.01286067720502615,swerve
0.3123316764831543,bion
0.30071449279785156,tack
-0.0061599803157150745,airway
-0.7486490607261658,range
0.7110763788223267,airt
0.00793116819113493,systematic
0.002992567839100957,symmetry
0.1504572629928589,swith
-0.005213657859712839,swiss
0.005822405219078064,swill
-0.5452557802200317,bios
-0.001231588190421462,tae
-0.001476275036111474,sweeting
0.2963343858718872,airfield
0.12033942341804504,sway
0.01531993318349123,worn
-0.03319968283176422,aire
-0.0023011607117950916,swat
0.30748432874679565,atef
-0.005785123445093632,swad
-0.018642187118530273,birchwood
0.08133460581302643,aint
-0.5533487200737,tad
-0.014446280896663666,athanor
-0.008050748147070408,blay
0.4114896357059479,tape
-0.05924944579601288,tarie
-0.6139228940010071,aisle
-0.3853936195373535,target
-0.371560662984848,targe
0.041553277522325516,bien
0.5145785808563232,prison
0.3110753297805786,tara
-0.030327269807457924,bier
0.32025617361068726,tapete
0.31751251220703125,tapet
-0.19618567824363708,working
0.049946002662181854,common
0.00842057541012764,tane
-0.23214682936668396,bike
0.0011735940352082253,bilberry
-0.0019471761770546436,tally
0.5809493660926819,works
0.13859854638576508,bile
0.20375722646713257,taker
0.08610508590936661,airy
-0.3044300973415375,public
0.304970920085907,tailor
0.5799946784973145,aide
0.6253610849380493,sura
-0.004854997619986534,birk
-0.21818043291568756,strategic
-0.0052855913527309895,stroud
-0.006936631631106138,stringer
0.16131824254989624,aster
0.4158661961555481,string
0.017324069514870644,strid
-0.07967041432857513,strial
-0.08613487333059311,stria
0.09117873013019562,say
-0.517259955406189,school
0.3212692439556122,blanda
-0.13965050876140594,wyn
0.31912118196487427,supreme
0.30943286418914795,science
0.008421060629189014,wyve
-0.11871645599603653,arches
-0.016673173755407333,wyver
0.011970154941082,stratagem
-0.04485200345516205,yale
-0.005455628037452698,secret
-0.009696883149445057,sovereign
-0.3469656705856323,assured
-0.013010967522859573,strand
0.36716228723526,strum
-0.4806879460811615,writer
-0.019475679844617844,agha
0.3179331421852112,asylum
0.006296830251812935,superior
-0.45525237917900085,super
0.0034462132025510073,atap
-0.4457305371761322,supe
0.2265671193599701,agy
-0.006486427504569292,sunflower
-0.30685117840766907,sunder
-0.05054279789328575,ague
-0.0020174048840999603,biter
-0.0058036488480865955,archangel
0.5196731686592102,sull
-0.36010321974754333,sue
0.08492448925971985,sud
-0.0009973440319299698,suckling
0.005164324305951595,suck
0.034592002630233765,agree
0.03647330403327942,agre
-0.038052089512348175,success
0.01499940361827612,circle
-0.005086066666990519,blackbird
0.023836271837353706,blackwater
0.18346703052520752,change
-0.2273537963628769,yond
-0.014538658782839775,southwest
-0.012938120402395725,buri
-0.4487653970718384,burg
0.1533895879983902,acca
0.01292676292359829,shaugh
0.31427711248397827,shat
-0.313528835773468,shark
0.15899372100830078,share
0.6256083250045776,shant
-0.17742428183555603,burgh
0.013910112902522087,shaman
0.39253461360931396,arni
-0.42983660101890564,shall
-0.1577080488204956,bureau
-0.14012135565280914,amount
0.006005480885505676,aroma
-0.3690991997718811,arrie
-0.531772792339325,bite
-0.02109924517571926,absolute
-0.32304149866104126,wet
0.013066865503787994,ascent
-0.6292506456375122,shad
-0.009776873514056206,shackle
0.003972329199314117,shack
-0.003928735386580229,shawl
-0.002249650191515684,accend
-0.014837194234132767,burin
-0.09340351819992065,agreement
-0.007377251051366329,shiv
0.003296499839052558,shirl
-0.12283749133348465,buna
0.005307400599122047,shiner
-0.16228410601615906,shine
0.326871395111084,bunt
-0.004769477993249893,aspire
-0.2567642331123352,shim
-0.6124089956283569,shill
-0.31226131319999695,addition
0.1123199313879013,verse
-0.00869716890156269,shear
-0.3220333755016327,shield
-0.6290196776390076,accord
-0.31267622113227844,shiel
-0.005636695772409439,burd
0.004616903606802225,accolade
-0.1401573270559311,bure
-0.4967183768749237,shee
0.4308173954486847,accident
0.47255396842956543,access
0.008558741770684719,shearer
0.0061471532098948956,arrish
-0.29875272512435913,burl
0.3116719722747803,aday
0.22494129836559296,sect
-0.7215846180915833,authority
0.17623117566108704,seeker
-0.48645779490470886,seek
-0.0079835569486022,sedge
-0.03484185412526131,security
-0.6049013137817383,abas
-0.6277456879615784,sector
-0.5985003113746643,bad
0.3042082190513611,artlet
-0.34693753719329834,bag
-0.24491944909095764,secreta
0.004617552738636732,sego
0.38701125979423523,secre
-0.48324546217918396,yellow
-1.0455372333526611,balance
0.5978004932403564,aru
-0.013162841089069843,sealskin
0.585588812828064,seal
-0.3004395365715027,seafarer
-0.3118230998516083,seafare
0.006224713753908873,scut
-0.006893759593367577,scription
-0.029030708596110344,wool
0.02619081735610962,sele
-0.15088006854057312,sew
-0.0021535775158554316,serran
0.008696903474628925,seth
-0.002522640861570835,seta
0.4649356007575989,burnet
-0.131638303399086,bird
0.32766711711883545,ability
-0.2818193733692169,wide
0.010049219243228436,ascension
0.015459852293133736,abbot
-1.2023122310638428,wine
-0.006942824460566044,serrano
-0.31861716508865356,serra
0.0033877829555422068,select
-0.5188696384429932,ascend
0.31675389409065247,serf
-0.008834395557641983,artel
-0.5509483218193054,sent
-0.6584467887878418,sence
-0.2920454144477844,artha
0.004524959716945887,arusa
0.007682823576033115,selt
0.06795240193605423,bury
-0.2960129976272583,selective
-0.0025975301396101713,accountability
-0.27415961027145386,able
-0.3013562560081482,builder
-0.32397913932800293,brass
-1.0513521432876587,sok
0.004835485015064478,soho
0.0049849944189190865,soh
-0.004691208712756634,braze
0.32398721575737,snort
0.00015815938240848482,snig
-0.007073098793625832,sned
0.014158700592815876,smock
-0.08946686238050461,assistant
-0.3513754904270172,breaker
-0.0009377324604429305,smeth
0.32337528467178345,braw
-0.02040410041809082,breck
-0.21672460436820984,bree
0.00212279986590147,slough
0.00044017951586283743,sloan
0.012053725309669971,breeze
-0.004848472774028778,bregma
-0.6462680697441101,bret
-0.22408807277679443,slater
0.16623389720916748,slate
0.12204054743051529,slat
0.3187068700790405,brick
0.0023729114327579737,solar
0.13255029916763306,build
0.6330974102020264,ariot
0.02777269296348095,bout
-0.24747899174690247,sweet
0.010061944834887981,bowie
0.2908005118370056,tart
-0.1952424943447113,sori
0.3472804129123688,bowl
0.003523388644680381,sonant
0.12275340408086777,soma
-0.006222305353730917,acute
0.0024751971941441298,bowling
-0.5322070121765137,brack
0.3010826110839844,bravo
-0.0007871615816839039,braid
-0.04443509504199028,solute
-0.31477150321006775,solo
0.4773332476615906,york
0.16428472101688385,arist
0.0009669566061347723,armada
-0.33626678586006165,take
-0.9257702231407166,brat
-0.3040488362312317,solent
-0.3224463164806366,solen
-0.0038524335250258446,slade
-0.01717100292444229,slad
-0.4022562801837921,brett
-0.06686101853847504,train
-0.007050342857837677,simmon
0.3178873658180237,sime
0.23843921720981598,assets
-0.04218475520610809,sile
0.0015924680046737194,browning
0.6055585145950317,boot
0.29233989119529724,acor
0.042563337832689285,signature
0.30364033579826355,sigil
-0.31551477313041687,ackman
0.09299418330192566,sier
-0.3895009160041809,ski
0.03643988072872162,sie
-0.3410264849662781,sidi
-0.005701096728444099,sick
0.43318772315979004,bud
-0.1545240879058838,zer
-0.3773375451564789,acker
0.5107573866844177,shy
-0.01932864636182785,accrual
0.106293223798275,umbrella
-0.32863688468933105,show
0.3056211471557617,zant
0.29415610432624817,acorn
-0.01103572454303503,simplified
-0.5831177234649658,simply
0.32306283712387085,arna
-0.5131519436836243,acuity
0.002613601041957736,skell
-1.072717308998108,skel
-0.4477511942386627,brief
0.10833141952753067,test
-0.00918097048997879,brim
0.005108754150569439,sistle
0.3230491876602173,thick
0.32040202617645264,brink
-0.007509445771574974,sip
0.3303002417087555,though
-0.05123765394091606,sinter
0.3146372139453888,sinnet
0.32423463463783264,thought
0.271884560585022,thumb
-0.6524327993392944,till
0.006181069649755955,brod
0.33607032895088196,acre
-0.004217039793729782,zaffar
-0.32278016209602356,broking
-0.018971474841237068,tars
-0.3597661256790161,plant
0.0051997993141412735,wop
0.5878442525863647,ultimate
-0.30017852783203125,underland
0.307362824678421,unde
0.32837772369384766,baho
0.004813665524125099,unbe
0.007118292152881622,amli
-0.005285825114697218,webster
-0.2704428434371948,unal
-0.7675031423568726,grey
0.13711737096309662,umbrel
0.5662033557891846,bain
-0.0005319500342011452,grip
0.006402518134564161,augen
0.3299364447593689,amla
-0.005486708600074053,ulling
-0.09214106947183609,growth
-0.013821614906191826,auge
-0.25571557879447937,ween
0.006292631849646568,baking
0.26735684275627136,baku
-0.5107181668281555,ule
0.31876733899116516,balanced
-0.07304870337247849,uke
0.008771374821662903,unflower
-0.09211257100105286,unio
0.6110453605651855,weet
0.36509397625923157,bah
-0.4361405372619629,urea
0.04632681608200073,get
-0.30863136053085327,bache
-0.11123743653297424,badge
1.034072756767273,girl
0.013996177352964878,badger
0.01179579272866249,upleg
-0.020910508930683136,upla
-0.45569732785224915,goat
-0.002648579189553857,untrust
-0.3170870840549469,unravelled
0.038086291402578354,union
-0.32227757573127747,ammu
-0.3217567503452301,unravel
0.024987341836094856,degree
0.06486894190311432,government
0.021293992176651955,unlimited
0.30418118834495544,grass
0.05862214043736458,universal
0.020040156319737434,unity
-0.13014769554138184,united
5.699254325008951e-05,unite
0.4311775863170624,bald
-0.378074586391449,hair
0.053941331803798676,garden
-0.01394039485603571,tulip
-0.027349065989255905,dear
0.6436923146247864,horse
-0.015947934240102768,amba
0.0025308337062597275,turf
-0.011471191421151161,amass
-0.332834929227829,barb
0.3829457759857178,tup
-0.5621852874755859,tung
-0.007985729724168777,tun
0.013106785714626312,barbican
-0.007345127407461405,atwo
-0.3191901743412018,hope
-0.08359847962856293,tui
0.0346418172121048,tst
0.02270362712442875,trypa
0.31458431482315063,tryp
-0.21383875608444214,idea
-0.6434526443481445,dead
-0.4269757866859436,truth
0.43416252732276917,wha
-0.2675005793571472,bargain
0.15265607833862305,troy
0.3086024224758148,amble
0.07852856814861298,hole
0.6433137059211731,amity
0.4254065454006195,hate
-0.36683860421180725,happy
0.32173314690589905,tyt
0.011237327009439468,balli
0.2256958782672882,twit
0.13097289204597473,welcome
-0.001538668293505907,wellman
-0.10059002041816711,harbour
0.061408016830682755,audio
0.15985330939292908,wend
0.32650622725486755,amethyst
0.011710915714502335,ambler
0.005823333747684956,bannister
0.31658288836479187,twig
-0.272963285446167,heat
0.22649021446704865,went
0.0019254069775342941,tway
0.22405025362968445,bam
0.2962813377380371,tutor
-0.12750299274921417,tut
0.3131626546382904,high
0.3175451457500458,turnstone
0.0020995792001485825,banner
0.21716441214084625,scrip
0.00339444144628942,uredo
-0.13708913326263428,trot
-0.31908947229385376,avens
-0.31432420015335083,vota
0.020506132394075394,volution
-0.004736032802611589,watermark
0.622275710105896,anis
0.007604365702718496,avarice
0.0029736689757555723,vog
-0.3429030179977417,event
0.11710837483406067,viva
0.0021965354681015015,vistal
-0.3354046642780304,wayman
-0.31651753187179565,vison
0.32085132598876953,vote
-0.0006077298894524574,visile
0.030390681698918343,visibility
0.5792601704597473,aviso
-0.007762438617646694,drain
-0.003775436896830797,weald
-0.002751546911895275,fact
0.2886196970939636,vineyard
-0.6139904856681824,fall
-0.020869843661785126,vincent
0.00148681178689003,anelectric
-0.3088212013244629,votal
0.013713317923247814,annona
-0.013820081949234009,vinal
0.009614571928977966,auric
-0.2721098065376282,auk
-0.2928520143032074,dry
0.0017147149192169309,apeak
-0.23329149186611176,driving
0.006917333230376244,aureola
0.3106525242328644,wap
-0.0013362184399738908,wangan
-0.02031835913658142,wanga
-0.31266310811042786,antra
-0.1450289934873581,august
0.0021202778443694115,wame
-0.006487034261226654,wade
0.008484193123877048,aurist
-0.41737785935401917,antic
-0.3211418390274048,aurora
-0.32980090379714966,author
-0.01966550387442112,education
-0.09880875796079636,anti
-0.014492892660200596,waller
0.13058021664619446,electric
0.0030238537583500147,wain
0.14762352406978607,wag
0.3128884732723236,anele
0.0034480395261198282,vina
-0.32090461254119873,bach
-0.3713519275188446,foot
0.11217641085386276,vee
-0.5048908591270447,fly
0.19688858091831207,axle
-0.5902318954467773,vas
-0.4362066686153412,vari
0.11589552462100983,vantage
0.30434277653694153,axmaker
0.3177533447742462,valuator
-0.1998310387134552,amy
-0.40459585189819336,vale
-0.17574110627174377,form
-0.20067544281482697,flower
0.008341619744896889,axman
0.14957879483699799,azo
-0.33522695302963257,forward
0.3585035800933838,user
0.3344701826572418,usee
0.31248053908348083,free
-0.5328458547592163,baba
-0.33049046993255615,urling
0.12911322712898254,fruit
-0.012423468753695488,uric
0.0011403642129153013,veer
-0.43863773345947266,axes
-0.37720826268196106,door
-0.012464139610528946,vert
-0.014868229627609253,anear
-0.5591132044792175,viga
0.018072258681058884,awest
-0.29176759719848633,victor
0.01975465565919876,viceroy
-0.29577264189720154,awin
-0.32128623127937317,vibration
0.05693555623292923,via
-0.002056286670267582,vex
0.1394972801208496,awn
-0.11750391125679016,analysis
0.11293748021125793,vend
-0.0031784020829945803,verso
0.33231088519096375,verset
-0.6381368637084961,versal
-0.0009363158605992794,direction
-0.002188780577853322,verity
-0.30757054686546326,awning
0.7554697394371033,verd
0.9303333759307861,vera
0.17648561298847198,anal
-0.13094118237495422,axed
-0.002846162300556898,aport
-0.6562498807907104,industry
0.008390174247324467,woold
0.3204087018966675,terma
0.009958960115909576,thar
-0.5445736646652222,thank
0.014294013381004333,thacker
0.31748032569885254,thack
-0.008239553309977055,belcher
0.36657458543777466,belt
0.11887973546981812,testing
-0.0043042851611971855,belton
-0.22821058332920074,bench
-0.0044835894368588924,bend
0.14677391946315765,bene
0.14630182087421417,news
0.006708174012601376,teras
-0.31584227085113525,benefic
0.017810480669140816,wiseman
-0.44648292660713196,tenter
0.30234917998313904,wiss
-0.015560832805931568,benefice
-0.3227817118167877,teng
0.010807385668158531,beneficent
-0.35142794251441956,atlantic
0.14588074386119843,witness
0.010569920763373375,belch
-0.25362634658813477,theca
-0.1969674527645111,temple
-0.6044350862503052,thinking
0.008687400259077549,becket
0.431965708732605,atta
-0.32784828543663025,beer
-0.008007990196347237,move
0.013997257687151432,bees
0.004542672075331211,third
-0.0018240261124446988,windward
0.1623472273349762,name
-0.03765349090099335,thir
0.0021982365287840366,winer
0.07048934698104858,near
0.6289539337158203,thee
-0.006048393901437521,winery
-0.0012328707380220294,winna
0.2114667296409607,think
0.29126662015914917,needle
0.007536790333688259,alef
0.0025129220448434353,bela
-0.005873997695744038,theta
0.2547517418861389,arbitration
-0.6776242852210999,control
0.011593262664973736,themis
-0.005682851653546095,templet
0.07168722152709961,nut
0.01080259308218956,beaver
0.19166675209999084,aka
-0.6355951428413391,aku
0.009355860762298107,tchu
-0.0010091372532770038,athar
-0.014162318781018257,best
-0.3431842029094696,beth
-0.19361670315265656,better
0.00948962289839983,taxman
-0.005713087040930986,taxing
-0.1524861752986908,pipe
-0.15490703284740448,taxed
-0.20572088658809662,beyond
-0.13175414502620697,person
-0.025409890338778496,tawa
-0.20103751122951508,taw
0.0030007704626768827,tav
-0.4540519118309021,connection
0.23914945125579834,tau
-0.3426561653614044,warren
-0.0017052952898666263,woodruff
0.32737213373184204,bick
-0.15983478724956512,point
-0.7072808742523193,arbitrator
0.016985014081001282,pig
0.3504171371459961,aland
-0.02662958763539791,templar
-0.07258761674165726,teen
0.18361954391002655,beng
0.3429781496524811,wod
0.1279095858335495,office
-0.20033523440361023,tell
-0.29549047350883484,oil
-9.525105997454375e-05,telega
3.3451401577622164e-06,alcyon
-0.018611706793308258,open
-0.005620558746159077,wode
-0.007771607022732496,alcazar
0.01040188129991293,teel
-0.013534743338823318,tead
0.416936993598938,pain
-0.3098689317703247,wong
-0.3119191527366638,berat
0.2884424924850464,teck
-0.5099345445632935,alas
-0.2798314690589905,technic
0.3173116147518158,berley
0.3247741758823395,berne
0.13186873495578766,team
-0.419048935174942,peace
0.3184680938720703,thorp
-0.3950637876987457,country
0.20844019949436188,troller
-0.30907079577445984,tower
-0.2971034049987793,training
-0.9152968525886536,trader
0.11911412328481674,tract
-0.13562311232089996,track
-0.2852071225643158,kind
0.6290108561515808,kiss
0.0015545120695605874,alto
-0.23337222635746002,late
0.3208174407482147,township
0.014156583696603775,towngate
0.059707485139369965,alternative
0.012158832512795925,transcript
0.20267324149608612,cup
-0.09243852645158768,leaf
0.00360482232645154,tote
0.06380456686019897,altern
-0.7572817802429199,level
-0.17623451352119446,based
-0.11402872949838638,light
-0.2594332993030548,like
0.3084193170070648,toru
0.27933555841445923,tort
0.01738469861447811,transatlantic
-0.0013136897468939424,transcription
-0.30564117431640625,alms
0.006210339721292257,barret
-0.07524634152650833,troll
0.41830915212631226,trin
-0.0033033713698387146,alvus
0.01639074832201004,jelly
-0.2490023523569107,apt
0.002050379989668727,trident
-0.2839169502258301,tribunal
-0.2929164171218872,tribuna
0.1496327519416809,join
-0.17384497821331024,judge
-0.0015908504137769341,aluta
-0.002472532680258155,trant
-0.31836289167404175,kettle
-0.1475232094526291,alum
0.5672494173049927,tref
-0.008703488856554031,treater
-0.47070854902267456,treat
0.18617646396160126,travel
0.21159277856349945,trave
-0.6336880922317505,trap
0.0029382561333477497,whiff
0.012985000386834145,tranter
0.7617273330688477,aln
0.5728023052215576,almon
0.29937127232551575,month
-0.06567387282848358,credit
0.28428539633750916,aller
0.22055374085903168,batt
-0.21670925617218018,tine
0.19454573094844818,timothy
0.09348773956298828,alit
-0.025708051398396492,timber
0.0032355834264308214,timbe
-0.3200051486492157,tilt
-0.010270318947732449,batten
0.3006896674633026,tige
-0.32410719990730286,meal
-0.0747821256518364,tinge
-0.4005710184574127,wid
-0.4078499972820282,baxter
0.004179853945970535,tide
-0.7681145668029785,attic
-0.2546751797199249,bear
0.22188398241996765,tib
0.31389182806015015,tiar
0.08707544952630997,beard
-0.0055019143037498,thumber
0.026967961341142654,cover
0.8216642141342163,whiting
-0.3170316815376282,whiteside
0.0007012209971435368,basso
-0.7255251407623291,loss
0.309674471616745,toom
-0.11228860914707184,cry
-0.1769418716430664,tool
0.013079088181257248,tonner
-0.006656448822468519,batch
0.14865778386592865,living
-0.25896671414375305,lock
0.31592193245887756,batea
-0.11822964996099472,crush
-0.4660058915615082,look
0.004920626059174538,whitehead
-0.39037588238716125,tink
0.33113548159599304,allied
0.23025204241275787,make
-0.0863037109375,male
-0.048203323036432266,tod
-0.005503945052623749,bated
-0.3444230258464813,whites
0.307073712348938,bathe
0.4329780638217926,alliance
0.17112313210964203,crime
-0.26937639713287354,tint
-0.0017036334611475468,script
0.6287811398506165,chariot
-0.08273963630199432,scow
-0.5597621202468872,lance
0.17364402115345,eche
0.2867954671382904,larking
-0.013175913132727146,larker
0.00020917759684380144,edger
-0.4055308997631073,lap
0.014358056709170341,lanson
0.08034178614616394,lank
0.29854482412338257,langle
-0.12672585248947144,laney
-0.004639127291738987,egest
-0.435470849275589,landlord
0.3338695466518402,lander
-0.001474729273468256,landau
0.31471821665763855,lanced
-0.0022402366157621145,egestion
-0.27696317434310913,later
-0.009317345917224884,lamb
-0.3327176868915558,lama
-0.3094772696495056,egma
0.01642702706158161,lakie
-0.32170194387435913,elain
-0.32624268531799316,elaine
-0.008461350575089455,lag
0.3067842721939087,elative
-0.45469650626182556,elder
0.3298272490501404,lacet
-0.0037336291279643774,laced
-0.2940578758716583,elective
-0.13524119555950165,electro
-0.014589041471481323,lab
0.01765255443751812,ecad
0.5352100729942322,lath
-0.4802793562412262,kou
0.33047741651535034,dyke
-0.005294812377542257,dudman
-0.006903431378304958,dull
-0.25047531723976135,levin
0.11112329363822937,lever
0.599561333656311,dum
0.037902504205703735,leu
-0.34803956747055054,lete
-1.3004761934280396,lesson
-0.23681800067424774,dura
0.010336538776755333,lerp
-0.7463226318359375,lent
-0.09401004761457443,leno
-0.6124805808067322,lene
-0.017176901921629906,leman
-0.34235137701034546,dynamic
0.3139359652996063,lava
-0.06717323511838913,legacy
-0.018432563170790672,dynamics
-0.6449013948440552,leek
-0.0010455043520778418,leech
0.007656330242753029,dyne
-0.0051145306788384914,ledger
-0.08839830011129379,ledge
-0.5091619491577148,lease
0.010707801207900047,lazar
0.005173544865101576,layne
0.2609785199165344,eater
-0.035457782447338104,eaves
0.07651693373918533,laver
0.010538524948060513,laveer
-0.014363261871039867,kudos
0.5318188667297363,kon
0.34202849864959717,eral
0.30475229024887085,jade
0.21019095182418823,joy
-0.0035073852632194757,joule
-0.09249935299158096,joint
-0.009352747350931168,joe
-0.3006383776664734,jig
-0.2252037078142166,jess
-0.006519264541566372,jenny
-0.15789096057415009,jenkin
-0.00020870123989880085,jell
-0.0001709550415398553,jass
0.12371652573347092,jane
-0.011239888146519661,jakes
-0.3247898817062378,jake
-0.10881998389959335,jag
-0.013245176523923874,iwa
-0.683152973651886,june
0.30101659893989563,ivy
0.0016776020638644695,enol
0.004006780683994293,iterate
-0.18312136828899384,enrol
-0.5097168684005737,enrolment
-0.30709022283554077,istle
-0.33933016657829285,ense
-0.44913360476493835,entertain
-0.4258476197719574,entertainment
-0.5264481902122498,irk
-0.007771283853799105,enumerate
-0.31213170289993286,investigator
-0.056121550500392914,intuit
0.011724759824573994,equation
-0.2876415252685547,jud
-0.004515709355473518,juniper
-0.0033648544922471046,koff
-0.003093367675319314,keta
0.4108889400959015,kite
0.42061129212379456,kit
-0.014661645516753197,kist
0.3276282250881195,kishen
0.31284546852111816,kish
-0.5144914984703064,elite
0.41030892729759216,elk
0.3166564702987671,kiln
0.010709630325436592,ellfish
0.0018435412785038352,kier
-0.215232253074646,kiel
0.013513782061636448,khar
-0.3143104910850525,khan
-0.32017678022384644,keylock
-0.00871640257537365,kerry
0.22482886910438538,jury
0.2344788908958435,ember
0.3116963505744934,emerald
-0.00466285552829504,emery
-0.00341118685901165,eminence
-0.3312455713748932,emma
0.0039995894767344,emmer
0.040501873940229416,emmet
-0.2327585518360138,keena
-0.2483227252960205,keen
0.2821520268917084,katha
-0.33478713035583496,kath
-0.32416337728500366,enage
0.491976797580719,enam
-0.3077342212200165,kai
0.06921078264713287,license
-0.03217696025967598,licensed
0.4490881860256195,lich
0.005411377642303705,mank
-0.39144307374954224,marshal
0.009559891186654568,marka
-0.32381585240364075,maritime
-0.03825804963707924,marine
-0.3310187757015228,maria
-0.2928277850151062,dish
-0.5611365437507629,maple
0.3379282057285309,manse
-0.014522516168653965,manor
1.2499697731982451e-05,mano
0.031573064625263214,manning
0.3264017105102539,manners
0.30986759066581726,manner
0.0036060549318790436,mankin
-0.5784215927124023,mani
0.00519936066120863,dingle
-0.015145025216042995,mandra
-0.5685034990310669,manche
-0.1885872781276703,dive
-0.06757046282291412,diver
-0.05122794955968857,divers
-0.3575456142425537,mali
0.40755048394203186,mala
0.30864816904067993,diverse
-0.15535272657871246,divorce
0.3030852675437927,maker
0.2893383502960205,major
0.2897467613220215,majo
-0.38185548782348633,maha
0.17139467597007751,magi
-0.3614315986633301,dip
-0.35609617829322815,mary
-0.19759586453437805,duct
-0.002329171635210514,maze
-0.46229931712150574,mell
0.6185832023620605,mele
0.5847121477127075,difference
0.07908567041158676,dig
1.3830577699991409e-05,medley
-0.0030320079531520605,medicolegal
0.0008634947007521987,medico
0.1252312809228897,medic
-0.16814501583576202,digit
-0.0010149386944249272,medial
-0.16056042909622192,digital
-0.31714290380477905,mechanics
-0.028355257585644722,mechanic
-0.32954734563827515,meadow
-0.002368675312027335,mayday
-0.005824689753353596,dimension
-0.0008016743813641369,maw
-0.004412215668708086,maugh
0.3127574026584625,dika
-0.010968886315822601,mattock
-0.0021707743871957064,diligent
-0.25222334265708923,matrix
-0.06929323077201843,matin
0.13052542507648468,math
-0.35519757866859436,mate
0.004228225909173489,dime
-0.467861533164978,master
-0.47106093168258667,mast
0.5585700273513794,mason
-0.2877672612667084,masa
-0.4828321039676666,dob
0.007046965882182121,dobson
0.07560362666845322,mae
0.006737170275300741,lingwort
0.03816721588373184,load
-0.015218867920339108,dowp
0.31315091252326965,llyn
-0.6802571415901184,liver
0.3515142500400543,lite
-0.008545232005417347,litas
0.1907041221857071,drafting
-0.3170455992221832,liss
0.32166823744773865,lisp
-0.013169302605092525,lisle
-0.0004218013782519847,dram
-0.0032647550106048584,linn
-0.05945237725973129,links
-0.00289534660987556,linha
0.3255312442779541,linguale
-0.0062356325797736645,dola
0.6339879631996155,lingual
0.14968737959861755,lingua
0.21269591152668,driver
-0.0016747757326811552,droit
-0.37109503149986267,drone
-0.28987061977386475,drow
0.3281230032444,lily
0.6442230939865112,lill
0.47524553537368774,liken
-0.007179626729339361,lighthouse
0.10354529321193695,life
-0.32619091868400574,lieu
-0.2378457486629486,ducat
0.46978622674942017,lief
-0.6652951836585999,loan
0.26859042048454285,loch
0.01582184247672558,lode
-0.13217800855636597,lof
-0.046716608107089996,mack
0.041546132415533066,dolphin
-0.004512526094913483,macaroni
-0.13841670751571655,donjon
-0.12305733561515808,lysis
-0.012134363874793053,lyse
0.03155636787414551,lye
-0.06135307624936104,lute
0.352407306432724,lust
-0.0014966324670240283,doria
-0.33576610684394836,luge
-0.6213348507881165,dorp
-0.008634577505290508,doss
0.0016680187545716763,dossier
-0.21408729255199432,lox
-0.1501660794019699,lower
0.3996484577655792,loveless
-0.6710907816886902,lough
-0.00897963810712099,lost
-0.00565209798514843,lory
0.3231441378593445,lored
0.11675560474395752,lore
0.30082666873931885,lord
-0.14216184616088867,lop
-0.014988325536251068,longwort
-0.3301217257976532,loma
-0.5219370126724243,double
0.3194051682949066,dout
0.011763463728129864,loft
0.01595013402402401,equilibrium
-0.012334678322076797,intact
-0.33095505833625793,butte
-0.35863855481147766,graham
-0.524013102054596,grim
0.00015296084166038781,grift
-0.27389994263648987,grieve
-0.008916941471397877,greyhound
0.020269891247153282,greenhouse
0.006353676784783602,filtration
-0.30825409293174744,greaves
-0.2952114939689636,greave
-0.011237413622438908,gravure
0.4190242886543274,grave
0.1592213660478592,graphy
-0.31173431873321533,graph
-0.0027355561032891273,grange
-0.13592109084129333,gram
-0.3192153871059418,finite
0.0023127254098653793,grindle
-0.3149309754371643,gowl
-0.01516748033463955,finitude
-0.4682803153991699,finity
0.010083010420203209,gospel
-0.000536773179192096,firman
-0.021811101585626602,goodwill
0.002859137486666441,goodman
0.15322551131248474,gomer
0.0008234004490077496,goliath
0.006809246260672808,goli
0.0057956501841545105,goldsmith
0.0009685736149549484,goldin
0.29400357604026794,goldie
0.009169591590762138,golder
0.0046293167397379875,grind
0.0008560781716369092,grocer
-0.3293101489543915,gog
-0.004270866513252258,hade
0.22599384188652039,hansel
0.23801949620246887,hanse
0.1777472198009491,hange
0.0026087318547070026,handler
-0.253434956073761,hance
-0.30238649249076843,fid
-0.08850525319576263,fide
0.3197365701198578,hallan
0.2820090055465698,fidelity
-0.05260936915874481,half
-0.017646271735429764,halcyon
-0.32133349776268005,hak
-0.12816743552684784,hain
-0.3083113133907318,haft
0.0041563198901712894,hackle
-0.3245238959789276,grovel
-0.26696091890335083,hacker
0.5219688415527344,gyro
-0.008423959836363792,gut
-0.29669031500816345,gust
-0.009675663895905018,guss
0.3173125088214874,fife
-0.3285371661186218,gunl
0.013302642852067947,gull
0.2429724484682083,gula
-0.3123312294483185,guitar
-0.0009421210270375013,guise
-0.006333412602543831,guildhall
-0.0006583455251529813,grun
-0.1566963493824005,grow
-0.08928259462118149,fitness
-0.5432496666908264,goes
-0.30265524983406067,instructor
-0.40567395091056824,furnish
0.013922261074185371,garner
-0.00180834683123976,garn
0.015601062215864658,garland
-0.00979555118829012,gare
0.0175051037222147,folio
-0.23757849633693695,game
-0.005461639724671841,galla
-0.3122421205043793,forest
0.008624885231256485,galea
-0.14676420390605927,gale
-0.14770279824733734,forme
-0.01076341699808836,former
-0.19402611255645752,gain
-0.001298010814934969,furnishing
0.33480048179626465,forth
0.3166530430316925,garth
0.3177974820137024,fortis
-0.008401059545576572,fulmar
-0.0019302151631563902,fully
-0.33081912994384766,fry
0.2918224334716797,fruition
-0.01849452406167984,frogfoot
-0.32579439878463745,frog
-0.2873416543006897,fresh
-0.0030063327867537737,freeman
0.014311238192021847,frazer
-0.007977237924933434,fraze
0.31310033798217773,fouette
0.318342924118042,foul
0.01896931231021881,four
-0.008840656839311123,garret
0.34474077820777893,fole
0.6400052905082703,goddard
0.011870329268276691,gerbe
0.1228666827082634,fitter
-0.21689336001873016,gnat
-0.23101909458637238,five
0.5981975793838501,glen
-0.000452662497991696,flair
0.4949131906032562,glar
0.023446636274456978,gland
0.0067310631275177,glade
0.0024876478128135204,glad
0.32340094447135925,gip
-0.06594358384609222,flare
0.0068693216890096664,gild
0.30843988060951233,gestion
0.0016551302978768945,gestate
-0.028085483238101006,gerb
0.15855619311332703,fog
-0.1392042338848114,flex
-0.01467953436076641,genus
0.001632559229619801,genu
0.07484645396471024,flint
-0.01912224292755127,genial
-0.27312952280044556,gene
-0.0034924745559692383,flory
-0.14621472358703613,flow
0.32744094729423523,gell
0.3166426718235016,fob
0.007849625311791897,focus
-0.2943601608276367,gean
0.4110775887966156,gaz
-0.2969224452972412,gator
-0.6051412224769592,hant
-0.05082486942410469,hap
-0.0024099124129861593,harden
0.3179240822792053,everything
-0.017592662945389748,estus
-0.023784728720784187,imber
-0.04200318828225136,imbe
-0.6046873331069946,imagine
-0.32446837425231934,ihi
-0.43598857522010803,idle
-0.2547840178012848,ides
-0.7199010252952576,ettle
-0.7337005734443665,icon
0.49711874127388,everyman
-0.2980094254016876,ibis
0.32387611269950867,iao
0.010692167095839977,hyleg
0.001792136230506003,hyle
0.1891993284225464,hurley
-0.6384425163269043,impact
0.4957662522792816,hurl
-0.1724158525466919,hure
0.3035367429256439,hurdle
-0.3487069010734558,evil
-0.3244997262954712,human
0.023929642513394356,evolution
-0.0019223474664613605,hula
0.584632158279419,huh
0.12669937312602997,hue
0.005058872513473034,hoyle
-2.3120141122490168e-05,hoy
0.2813182771205902,howel
0.08713363856077194,hound
0.2537694275379181,hotel
-0.011364249512553215,estop
0.010299338027834892,imperia
0.022790998220443726,hardy
0.3837737739086151,ingle
-0.475380003452301,instruct
-0.7535502910614014,instant
-0.3561878800392151,eria
0.28885090351104736,inquest
-0.0844530537724495,innovation
0.3289449214935303,innet
0.006708311848342419,inlaw
0.4066717326641083,inks
0.3332449495792389,inken
0.19819502532482147,injury
0.33609697222709656,eshin
-0.5144601464271545,inheritance
-0.511479914188385,inherit
0.17262722551822662,ingress
0.012001416645944118,ingenious
-0.2699113190174103,imply
-0.3528306782245636,essentia
0.3222101032733917,informer
0.6623603105545044,inform
-0.07644002139568329,infinity
0.003317464841529727,infinitude
-0.008925783447921276,inerm
-0.07759952545166016,industrial
-0.3433840572834015,essential
0.27701735496520996,income
0.31658074259757996,incisive
0.46387001872062683,inch
0.0016366690397262573,inbreak
-0.015317538753151894,inbe
0.10023677349090576,imu
-0.004520293325185776,excelsior
0.31573721766471863,hooper
0.3063639998435974,hoop
0.1597459316253662,hedge
-0.7517088055610657,hern
-0.18549789488315582,heritance
0.5545746088027954,heritage
0.3192043900489807,faraday
-0.49273788928985596,fare
-0.29932478070259094,farer
0.09031908214092255,hemic
0.007805185858160257,farrand
0.350312203168869,helm
-0.2957991659641266,farthing
0.2736605703830719,fash
-0.011423151008784771,helder
0.27505362033843994,fashion
-0.23523686826229095,fast
-0.25205329060554504,heath
-0.31423676013946533,hong
-0.0028431385289877653,hearer
0.00793363805860281,fathom
0.011297330260276794,headway
0.3305923342704773,hazel
0.33815786242485046,haze
0.04760157689452171,fault
-0.0038195489905774593,haugh
0.4149083197116852,hatt
0.17686150968074799,feed
0.29949042201042175,ferie
0.00417758384719491,harn
0.3131392002105713,harlot
0.0034870572853833437,fern
-0.32380831241607666,hark
0.32160794734954834,farad
0.47827082872390747,fang
-0.44287729263305664,faith
0.01464564073830843,fairway
-0.31620728969573975,honey
0.08031883090734482,hone
-0.0005920057883486152,executor
-0.3760659396648407,holt
-0.23622331023216248,holly
-0.3385777771472931,holla
-0.007684740703552961,exon
0.3186814785003662,holey
-0.08243200182914734,holding
0.15179036557674408,hog
0.25254353880882263,hoe
0.010374716483056545,expatriate
0.28124508261680603,hob
-0.012432386167347431,expertly
-0.012897989712655544,histon
-0.18647179007530212,hist
-0.37325504422187805,hish
0.012079253792762756,expone
0.0036077669356018305,exponent
0.0014457443030551076,hint
-0.3122091293334961,export
-0.14914698898792267,hind
0.0036437835078686476,hinch
-0.39363494515419006,exter
-0.48702752590179443,hilt
0.004020568449050188,hilly
0.004339543171226978,eyed
-0.329033762216568,hield
-0.012239955365657806,eyer
-0.0018311900785192847,mellon
0.34197258949279785,differ
-0.1845981776714325,diet
-0.3029903769493103,chronic
0.004366768058389425,chessman
0.31777480244636536,razer
0.31702205538749695,raven
0.04249492287635803,chicken
-0.0025862371549010277,ratti
-0.23103468120098114,child
-0.00669808778911829,chilver
0.30402716994285583,ratel
-0.5019992589950562,china
-0.333322137594223,chola
0.3155006170272827,rapid
-0.7289705276489258,raphe
0.009351125918328762,chorus
0.01796828955411911,ranter
-0.310971736907959,chronicle
-0.18445244431495667,reach
0.0041130040772259235,chum
-0.19109000265598297,rance
-0.014962967485189438,circlet
0.007068973500281572,cirrus
-0.015500443056225777,ramson
-0.008967443369328976,rambler
0.32297056913375854,ramble
0.2121104747056961,ralph
-0.4559018611907959,raiser
0.0036516382824629545,raid
-0.3127138614654541,citrus
0.004726579412817955,rage
-0.03930731490254402,civil
0.003558065742254257,radix
0.3059568405151367,chess
0.31193679571151733,read
-0.24819381535053253,race
0.0023356620222330093,redo
-0.2984437346458435,regulator
-0.02619228884577751,regula
-0.010805696249008179,regroup
0.01091549638658762,regma
-0.018124325200915337,regent
-0.08512095361948013,chancery
0.0957104042172432,refund
0.3547939360141754,refreshing
0.29868659377098083,refresh
-0.00018831429770216346,chandler
0.0350041463971138,chang
0.13288147747516632,charge
-0.4414215683937073,charm
0.3243004381656647,redward
-0.25537315011024475,rede
-0.01097415667027235,realty
-0.1870550662279129,redd
-0.2840511202812195,chartered
-0.011196385137736797,rection
0.3862234354019165,recti
-0.22476297616958618,chat
-0.003998750355094671,chateau
-0.4812776744365692,recovery
-0.48553428053855896,recover
-0.014136405661702156,reck
-0.23963388800621033,recision
0.3280191421508789,rechamber
-0.013377651572227478,rebook
-0.26780790090560913,reb
0.017560338601469994,reave
0.009313349612057209,clarity
0.2958902418613434,rab
-0.007899428717792034,meng
0.004243606701493263,pray
0.128225639462471,club
-0.385195791721344,cly
-0.3261253237724304,prisoner
0.360883504152298,coast
-0.6430290341377258,priority
-0.6752345561981201,prior
-0.05097455531358719,prince
0.11859138309955597,prevention
-0.171138733625412,prevent
0.15987370908260345,prestige
-0.29907968640327454,premier
-0.2443874478340149,precision
-0.24351218342781067,precis
-0.007685142569243908,praya
0.0059057800099253654,colic
0.6124337911605835,probe
-0.4519989490509033,potter
0.010128140449523926,post
0.36455148458480835,positive
0.635978102684021,collet
-0.04765886440873146,portfolio
-0.005475976504385471,pore
0.0007911514840088785,pope
0.19394159317016602,pop
0.039249252527952194,comet
0.16297473013401031,pont
-0.07704859972000122,ponent
0.4820110499858856,pone
0.001801846781745553,ponder
0.2873087525367737,pond
0.3049093782901764,clive
0.32206088304519653,prober
0.07536980509757996,quis
0.1278313398361206,pun
-0.07549771666526794,quire
-0.600595235824585,class
-0.0507962591946125,queen
0.10749059170484543,quat
-0.2867019772529602,quarry
-0.007650363724678755,clergy
0.03610860928893089,quant
0.020970333367586136,quan
0.00729381525889039,quail
0.30496466159820557,quad
-0.3101353645324707,purlieu
-0.31441712379455566,purl
-0.0010778541909530759,purdy
0.2153603583574295,clever
0.4571126699447632,psi
-0.3065378665924072,procurement
0.5716999173164368,pry
0.00847708061337471,prudent
0.0041351947002112865,prude
-0.22923485934734344,prow
-0.35482123494148254,provider
-0.24229192733764648,provide
0.00269166543148458,clew
0.3127458989620209,protax
-0.04577766731381416,prospect
-0.3262418210506439,prophet
0.013480710797011852,clink
-0.3510661721229553,prog
-0.2779766321182251,product
-0.005368880461901426,prod
-0.012117531150579453,regulatory
0.17682524025440216,reh
0.3059564530849457,rehead
0.015464672818779945,careless
0.009697133675217628,cane
0.2100677788257599,russel
0.008666112087666988,rusk
-0.019731976091861725,cannon
0.5960469245910645,rum
-0.0010162503458559513,ruffle
0.2788310647010803,rue
-0.31381362676620483,rude
0.017961207777261734,rudd
-0.22127071022987366,rox
0.005062285345047712,roud
0.04715925082564354,carbo
0.04442674666643143,carbon
0.17100808024406433,career
-0.0029411092400550842,rosemary
0.12477342039346695,ryme
-0.016722088679671288,rosed
0.09653538465499878,carol
-0.3154469132423401,rory
-0.35387951135635376,carp
0.00948965921998024,cartel
-0.37728896737098694,rone
0.21198110282421112,roller
-0.011792992241680622,roit
0.0037969364784657955,roi
0.4863468110561371,roed
-0.3224593698978424,roebuck
-0.013422852382063866,rocker
0.3685210049152374,rock
-0.045404102653265,robin
0.004996429663151503,candor
0.33039265871047974,camilla
-0.36734768748283386,reign
-0.00978479441255331,sanitary
-0.0634373351931572,scho
-0.08688360452651978,scent
-0.3535443842411041,scend
-0.13264700770378113,scap
-0.4416199326515198,scad
-0.33669590950012207,saya
-0.011375969275832176,sawyer
0.32476186752319336,sawer
0.14210572838783264,buttons
-0.11666782200336456,saving
-0.10138092935085297,savin
-0.20150893926620483,saver
0.0029758578166365623,sapphire
0.34824061393737793,sant
-0.31850504875183105,sandy
0.12268078327178955,sab
0.002077255630865693,sanders
-0.004985083360224962,sander
-0.7197312116622925,samp
0.01131356693804264,samba
-0.37939175963401794,calculator
0.2542712986469269,salmon
-0.03792813792824745,sally
-0.6376810073852539,sale
0.0030225839000195265,camass
0.6296383738517761,sah
0.3694595694541931,sag
-0.34360170364379883,sadr
0.007866530679166317,sade
0.2896631360054016,sable
-0.11706824600696564,caste
-0.2528229355812073,riving
0.0023430618457496166,castlet
-0.8076861500740051,reside
-0.1772383749485016,revent
0.038148604333400726,reve
0.31031784415245056,chad
0.47995203733444214,chai
0.003380185691639781,retax
-0.08541054278612137,retail
-0.2586299479007721,chal
-0.6460807919502258,respace
0.06208503246307373,resp
0.30605024099349976,champ
0.0028766898903995752,resonant
0.0032299307640641928,resolve
0.08978525549173355,residential
-0.5790504813194275,resident
0.208720400929451,resh
-0.008393627591431141,catalyst
0.019668949767947197,resale
-0.31905263662338257,requirement
-0.21695862710475922,require
-0.0010482975048944354,reps
0.0023086739238351583,reprovide
-0.1686578243970871,champion
-0.24217574298381805,rent
0.002830131910741329,renk
-0.01488592941313982,remediation
-0.5675367712974548,reline
0.2590197026729584,reliant
0.30021920800209045,relative
-0.09065341204404831,chancer
-0.30361711978912354,reis
-0.06651683151721954,cest
0.33470842242240906,revolution
-0.18124230206012726,rex
-0.28382453322410583,cero
-0.0011805148096755147,cater
-0.013468602672219276,cathedra
-0.002223373856395483,cathedral
-0.0494997575879097,cation
-0.315975159406662,ripa
0.01024854276329279,riot
0.004912783391773701,causeway
0.061314575374126434,rink
0.004540620371699333,ringer
-0.004425860941410065,ringe
-0.2676788568496704,cavendish
-0.018352121114730835,caza
-0.0075074159540236,cedar
0.2224409431219101,rill
-0.2648499608039856,riley
0.31800857186317444,rile
-0.008611769415438175,rigid
-0.4016217291355133,cell
-0.011296105571091175,rift
0.5620619058609009,cello
0.09886374324560165,cense
-0.3261691629886627,rident
-0.307905912399292,riden
0.529938817024231,ride
-0.31937098503112793,central
0.2163524329662323,richt
0.2952175736427307,century
-0.31816527247428894,riband
-0.003936026711016893,cepa
-0.21988870203495026,commerce
-0.927314817905426,poll
-0.3958105444908142,poi
0.12480738013982773,nete
-0.22366932034492493,noa
-0.06112087890505791,nix
0.006926690228283405,nival
-0.22436633706092834,nito
-0.21370245516300201,date
0.003994690254330635,daub
-0.0037149908021092415,daud
0.012474137358367443,nigre
0.14667168259620667,dawn
-0.014423690736293793,dawning
0.3171675205230713,nexus
0.443637490272522,newton
0.00013208076416049153,newel
-0.2533671259880066,neth
-0.24010156095027924,nest
-0.28365930914878845,nod
-0.8014376163482666,deadline
0.13103675842285156,nese
-0.029370278120040894,neo
-0.24053724110126495,neigh
0.36378213763237,dean
0.001604151097126305,negate
-0.15495750308036804,debit
-0.011683071963489056,needham
-0.3637954592704773,decima
-0.17540648579597473,decimal
-0.3348841071128845,neat
-0.0014982016291469336,deer
-0.2832300364971161,naw
-0.014166793785989285,naught
0.31076377630233765,noble
0.08423026651144028,node
0.018882201984524727,olio
-0.40781888365745544,dari
-0.8479086756706238,older
-0.008042647503316402,oket
-0.35754188895225525,oho
0.28080010414123535,ogre
-0.01373985968530178,odyl
0.31328240036964417,daff
-3.5346623917575926e-05,daffodil
0.011862917803227901,dags
0.30585744976997375,dah
0.012269102036952972,obsidian
-0.011136630550026894,objective
-0.0045457035303115845,object
-0.02065051905810833,obit
-0.32385382056236267,dali
0.20459818840026855,oast
-0.5815253257751465,nog
-0.01054189819842577,oar
0.5353888273239136,darr
0.28782281279563904,nurse
-0.006698889657855034,numerate
0.31359511613845825,darshana
0.22112295031547546,nucleus
0.0053476900793612,darst
-0.3200688362121582,novation
-0.6101556420326233,noon
-0.2889164388179779,nook
-0.4214826822280884,dash
0.004539478570222855,dasi
-0.0070454734377563,nolle
0.014272774569690228,noll
0.019572215154767036,nature
-0.5962926745414734,native
-0.20719404518604279,default
-0.006359558552503586,dhaw
-0.41207006573677063,mitt
0.36537104845046997,derm
0.01651945151388645,mirror
-0.014446276240050793,mirage
0.06426157057285309,minster
0.001615177490748465,dess
0.012962426990270615,mines
-0.14820073544979095,mina
-0.002579244552180171,detax
0.2544461488723755,mima
0.3019552528858185,deva
-0.025325996801257133,dexter
-0.316045343875885,milestone
-0.22358211874961853,mile
-0.2464156150817871,migrant
0.2994522750377655,nash
-0.5273603200912476,dial
0.0049738469533622265,diamond
-0.0035010692663490772,mick
-0.5484082102775574,miche
0.009456297382712364,mian
0.007776799611747265,mether
0.32882586121559143,mesh
0.006381789688020945,mesa
-0.3075616955757141,merry
0.1760576367378235,merlin
0.038264669477939606,merle
-0.262727290391922,meridian
-0.19810108840465546,mere
0.022724170237779617,menzie
0.10528650879859924,mitten
-0.08709824085235596,mity
-0.18281634151935577,mobile
-0.0013915998861193657,mock
-0.7022214531898499,nary
-0.5474562048912048,nant
0.2719549238681793,nain
-0.3217755854129791,delete
-0.01994638703763485,dell
-0.0054050013422966,musk
0.24871563911437988,mushroom
0.23084214329719543,mush
0.30485403537750244,murre
0.2929248511791229,mum
0.23514285683631897,mulder
-0.00735123036429286,deluge
-0.2017713189125061,motor
0.20464058220386505,mothy
-0.29201197624206543,moth
-0.41277915239334106,demark
0.0765005424618721,demi
-0.00615018792450428,denarius
-0.05505015701055527,depa
-0.059046536684036255,depart
-0.6371951699256897,department
-0.006359252147376537,morel
-0.0003963720810133964,moray
-0.10972391068935394,mora
-0.010551104322075844,monster
-0.24299728870391846,monitor
0.266080766916275,dere
0.013038847595453262,moly
-0.08294899016618729,molly
-0.3193015158176422,olent
-0.253288209438324,olive
-0.0007196441874839365,commercialist
-0.001378704677335918,perit
-0.3376198709011078,photography
0.057428792119026184,photograph
-0.024019356817007065,photo
-0.024683350697159767,phot
0.1457524448633194,phoenix
-0.005697050131857395,connoisseur
-0.15222398936748505,pes
-0.004441728815436363,pertly
0.009323470294475555,contract
-0.08300267904996872,personnel
-0.001261147204786539,perse
0.26520341634750366,pern
0.5815346837043762,perm
0.34182435274124146,perk
-0.29433348774909973,peridot
0.6698940396308899,pia
-0.30341726541519165,controller
0.2948106527328491,perfect
-0.22446654736995697,conveyancing
-0.5535817742347717,cop
0.15283113718032837,corder
-0.000657901749946177,pelt
-0.38275346159935,pell
-0.014340678229928017,pega
-0.2683148682117462,peg
0.10408913344144821,ped
-0.27183806896209717,peck
-0.015104785561561584,peasy
0.227896049618721,corner
-0.37871453166007996,pean
-0.000802691385615617,phyle
-0.2809630036354065,cond
-0.011453651823103428,cwm
-0.3223377466201782,pivot
-0.0070770070888102055,plummer
0.16577404737472534,plum
0.4310443699359894,commonweal
0.4388516843318939,commonwealth
0.010920167900621891,plot
-0.22097720205783844,plies
-0.3725029528141022,plex
0.01072639599442482,pleb
0.022498203441500664,plantation
0.011658925563097,planta
0.31932783126831055,compass
0.3071276545524597,placet
0.23407204449176788,pix
-0.30307143926620483,pivotal
-0.30182281136512756,compensation
-0.16316480934619904,pice
-0.02763395756483078,compliance
-0.15614446997642517,piper
-0.15927188098430634,pip
0.16506288945674896,concept
-0.3167858123779297,pine
0.015390943735837936,pinder
0.007136000320315361,pind
-0.5216507911682129,pilgrim
-0.20156551897525787,pier
0.04357296973466873,pie
0.5020375847816467,pickup
-0.0041242437437176704,pickle
-0.03009885735809803,pickering
0.0001450120471417904,picker
-0.018323151394724846,peaking
0.32184135913848877,cornerstone
0.48339226841926575,corporation
-0.13484054803848267,crus
-0.03115067444741726,oust
0.008140145801007748,criterion
-0.3139437735080719,croc
-0.3363852798938751,otography
0.04517858475446701,osse
0.009399235248565674,ossal
0.0017035386990755796,crock
-0.013273497112095356,crocker
-0.30583229660987854,ortho
-0.003825587220489979,crossover
-0.2962985932826996,orna
-0.013146649114787579,ormer
0.06556735187768936,orle
-0.6531674861907959,crown
0.03467602655291557,cub
0.53996342420578,payer
-0.30572009086608887,cuff
0.006389793008565903,culling
-0.20060253143310547,oration
0.011165064759552479,cunning
-0.04416440427303314,option
0.009676783345639706,curie
0.3271653652191162,curl
0.571077287197113,onyx
-0.25975725054740906,onward
-0.29896989464759827,onion
0.5320404767990112,oner
0.3199236989021301,cush
0.6303064823150635,cute
0.00673319399356842,omega
0.5065183043479919,cric
-0.3162742853164673,creat
-0.008024826645851135,oxan
0.2867436110973358,oyster
-0.0066408077254891396,payed
0.004654232878237963,pax
0.6350417733192444,pathway
0.252487450838089,path
-0.0002393579197814688,couch
0.09420176595449448,coul
0.003844242310151458,patel
0.3453591465950012,court
-0.00729997968301177,passo
-0.008065827190876007,passbook
0.229346364736557,cove
0.3258506655693054,parson
-0.31696799397468567,parr
-0.0016701769782230258,coy
0.1101054772734642,pari
-0.005293036811053753,paraphernalia
-0.0031515927985310555,paraphernal
0.015674859285354614,parapherna
0.0004170920292381197,paraph
0.29203227162361145,paramount
0.29393520951271057,paramo
0.030927881598472595,param
-0.2244785875082016,craft
-0.011631842702627182,crag
-0.3020898997783661,cran
-0.021235376596450806,pali
0.22549183666706085,paddy
-0.0008853022591210902,crane
-0.3379943370819092,pact
-0.6263270974159241,mem
-0.4076957404613495,ending
-0.10748372972011566,.com
0.11448678374290466,.uk
0.10840936005115509,.org
0.12168768048286438,.au
-0.10757935792207718,.net
-0.010142900981009007,.de
0.3659629821777344,.nz
-0.18783274292945862,.gov
0.10411291569471359,.et
-0.17041988670825958,.fr
0.16396905481815338,.ca
0.250409871339798,.it
-0.03694311901926994,.eu
-0.08669394254684448,.info
0.1315125972032547,.ie
0.02039279416203499,.edu
0.1883566528558731,.co
-0.383331298828125,.es
0.26611319184303284,.ke
0.1324474811553955,.pl
0.2778424918651581,.nl
0.3454505205154419,.ch
0.3311164081096649,.ru
0.03766728192567825,.br
-0.2780304253101349,.za
-0.018705664202570915,.in
0.3224794268608093,.us
0.26986369490623474,.jp
0.24416862428188324,.se
0.2399333417415619,.cn
-0.4302822947502136,.at
0.22181648015975952,.cz
-0.11085894703865051,.mx
1.2676419019699097,.tv
-0.4871765971183777,.sg
-0.43091797828674316,.hu
0.17423415184020996,.io
0.47065064311027527,.me
-0.16317473351955414,.dk
-0.112821064889431,.th
0.47353076934814453,.fi
-0.0003358580288477242,.biz
0.16694903373718262,.be
0.1506519615650177,.pt
-0.4535204768180847,.tw
-0.5655417442321777,.lt
-0.1293218582868576,.no
0.21873913705348969,.int
-0.17203916609287262,.aero
0.1941247582435608,.tr
0.01132111344486475,url_length
